item,item_label,study,source_item,recode,transform,value_label,domain,possible_range,Set,source_file,notes
i011,[intermediate] CERAD Delayed Recall (words),HRS_ADAMS,ANDELCOR,NA,NA,97 = missing,mem,NA,GCP-intermediate variable,ADAMS1AN_R.dta,NA
i012,[intermediate] CERAD Word List max trials 1-3 (words),HRS_ADAMS,NA,NA,"max(c(i014, i015, i016), na.rm=TRUE)",NA,mem,NA,GCP-intermediate variable,NA,NA
i013,[intermediate] CERAD Word List delayed percent,HRS_ADAMS,NA,NA,( i011 / i012) * 100,NA,mem,NA,GCP-intermediate variable,NA,NA
i014,[intermediate] CERAD Word List trial 1 (words),HRS_ADAMS,ANIMMCR1,NA,NA,97 = missing,mem,NA,GCP-intermediate variable,ADAMS1AN_R.dta,NA
i015,[intermediate] CERAD Word List trial 2 (words),HRS_ADAMS,ANIMMCR2,NA,NA,97 = missing,mem,NA,GCP-intermediate variable,ADAMS1AN_R.dta,NA
i016,[intermediate] CERAD Word List trial 3 (words),HRS_ADAMS,ANIMMCR3,NA,NA,97 = missing,mem,NA,GCP-intermediate variable,ADAMS1AN_R.dta,NA
i021,[intermediate] CERAD sum of learning trials,HRS_ADAMS,NA,NA,"case_when(sum(is.na(i014), is.na(i015), is.na(i016)) == 2 ~sum(c(i014, i015, i016), na.rm=TRUE)*(3/1),
          sum(is.na(i014), is.na(i015), is.na(i016)) == 1 ~sum(c(i014, i015, i016), na.rm=TRUE)*(3/2),
          sum(is.na(i014), is.na(i015), is.na(i016)) == 0 ~sum(c(i014, i015, i016), na.rm=TRUE)*(3/3))",NA,mem,NA,GCP-intermediate variable,ADAMS1AN_R.dta,NA
i201,[Intermediate] sum of VSAT tasks,SAGES,"i202, i203",NA,"case_when(sum(is.na(i202), is.na(i203)) == 1 ~sum(c(i202, i203), na.rm=TRUE)*(2/1),
          sum(is.na(i202), is.na(i203)) == 0 ~sum(c(i202, i203), na.rm=TRUE)*(2/2))",NA,att,NA,GCP-intermediate variable,SAGES-Subject-Interview-Data-Analysis-File.dta,not used in scoring GCP
i202,[Intermediate] VSAT 1,SAGES,npb06,NA,NA,77 = missing;  99 = missing; 777 = missing; 999 = missing,att,NA,GCP-intermediate variable,SAGES-Subject-Interview-Data-Analysis-File.dta,NA
i203,[Intermediate] VSAT 2,SAGES,npb08,NA,NA,77 = missing;  99 = missing; 777 = missing; 999 = missing,att,NA,GCP-intermediate variable,SAGES-Subject-Interview-Data-Analysis-File.dta,NA
i205,[intermediate] HVLT trial 1,SAGES,npb01,NA,NA,77 = missing; 99 = missing,mem,NA,GCP-intermediate variable,SAGES-Subject-Interview-Data-Analysis-File.dta,NA
i206,[intermediate] HVLT trial 2,SAGES,npb02,NA,NA,77 = missing; 99 = missing,mem,NA,GCP-intermediate variable,SAGES-Subject-Interview-Data-Analysis-File.dta,NA
i207,[intermediate] HVLT trial 3,SAGES,npb03,NA,NA,77 = missing; 99 = missing,mem,NA,GCP-intermediate variable,SAGES-Subject-Interview-Data-Analysis-File.dta,NA
i208,[intermediate] HVLT sum of learning trials (words),SAGES,"i205, i206, i207",NA,"case_when(sum(is.na(i205), is.na(i206), is.na(i207)) == 2 ~sum(c(i205, i206, i207), na.rm=TRUE)*(3/1),
          sum(is.na(i205), is.na(i206), is.na(i207)) == 1 ~sum(c(i205, i206, i207), na.rm=TRUE)*(3/2),
          sum(is.na(i205), is.na(i206), is.na(i207)) == 0 ~sum(c(i205, i206, i207), na.rm=TRUE)*(3/3))",NA,mem,NA,GCP-intermediate variable,SAGES-Subject-Interview-Data-Analysis-File.dta,NA
i209,[intermediate] HVLT max of learning trials (words),SAGES,"i205, i206, i207",NA,"max(c(i205, i206, i207), na.rm=TRUE)",NA,mem,NA,GCP-intermediate variable,SAGES-Subject-Interview-Data-Analysis-File.dta,NA
i210,[intermediate] HVLT Delayed Recall (words),SAGES,npb17,NA,NA,77 = missing; 99 = missing,mem,NA,GCP-intermediate variable,SAGES-Subject-Interview-Data-Analysis-File.dta,"u80; npb01, npb02, npb03 trials 1-3, npb17 delayed recall total correct"
i211,[intermediate] HVLT percent recall,SAGES,"i209, i210",NA,( i210 / i209 ) * 100,NA,mem,NA,GCP-intermediate variable,NA,NA
i241,"[intermediate] Boston Naming Test, 15 Items (num correct)",SAGES,"i242, i243, i244",NA,"case_when(sum(is.na(i242), is.na(i243), is.na(i244)) == 2 ~sum(c(i242, i243, i244), na.rm=TRUE)*(3/1),
          sum(is.na(i242), is.na(i243), is.na(i244)) == 1 ~sum(c(i242, i243, i244), na.rm=TRUE)*(3/2),
          sum(is.na(i242), is.na(i243), is.na(i244)) == 0 ~sum(c(i242, i243, i244), na.rm=TRUE)*(3/3))",NA,lan,NA,GCP-intermediate variable,SAGES-Subject-Interview-Data-Analysis-File.dta,"u5; npb37 total column A, npb38 total column B; npb39 total column C"
i242,"[intermediate] Boston Naming Test, 1",SAGES,npb37,NA,NA,77 = missing ; 99 = missing,lan,NA,GCP-intermediate variable,SAGES-Subject-Interview-Data-Analysis-File.dta,npb37 total column A
i243,"[intermediate] Boston Naming Test, 2",SAGES,npb38,NA,NA,77 = missing ; 99 = missing,lan,NA,GCP-intermediate variable,SAGES-Subject-Interview-Data-Analysis-File.dta,npb38 total column B
i244,"[intermediate] Boston Naming Test, 3",SAGES,npb39,NA,NA,77 = missing ; 99 = missing,lan,NA,GCP-intermediate variable,SAGES-Subject-Interview-Data-Analysis-File.dta,npb39 total column C
i265,[intermediate] Semantic fluency - supermarket,SAGES,npb34,NA,NA,77 = missing; 99 = missing; 999 = missing,lan,NA,GCP-intermediate variable,SAGES-Subject-Interview-Data-Analysis-File.dta,NA
i281,[intermediate] number of FAS words,SAGES,"i282, i283, i284",NA,"case_when(sum(is.na(i282), is.na(i283), is.na(i284)) == 2 ~sum(c(i282, i283, i284), na.rm=TRUE)*(3/1),
          sum(is.na(i282), is.na(i283), is.na(i284)) == 1 ~sum(c(i282, i283, i284), na.rm=TRUE)*(3/2),
          sum(is.na(i282), is.na(i283), is.na(i284)) == 0 ~sum(c(i282, i283, i284), na.rm=TRUE)*(3/3))",NA,lan,NA,GCP-intermediate variable,SAGES-Subject-Interview-Data-Analysis-File.dta,npb25 (F words); npb28 (A words); npb31 (S words)
i282,[intermediate] number of F words,SAGES,npb25,NA,NA,77 = missing; 99 = missing,lan,NA,GCP-intermediate variable,SAGES-Subject-Interview-Data-Analysis-File.dta,npb25 (F words);
i283,[intermediate] number of A words,SAGES,npb28,NA,NA,77 = missing; 99 = missing,lan,NA,GCP-intermediate variable,SAGES-Subject-Interview-Data-Analysis-File.dta,npb28 (A words);
i284,[intermediate] number of S words,SAGES,npb31,NA,NA,77 = missing; 99 = missing,lan,NA,GCP-intermediate variable,SAGES-Subject-Interview-Data-Analysis-File.dta,npb31 (S words)
i305,[intermediate] HVLT trial 1,SAGES_Telephone,whitpnpb01,NA,NA,77 = missing; 99 = missing,mem,NA,GCP-intermediate variable,SAGES-Subject-Interview-Data-Analysis-File.dta,NA
i306,[intermediate] HVLT trial 2,SAGES_Telephone,whitpnpb02,NA,NA,77 = missing; 99 = missing,mem,NA,GCP-intermediate variable,SAGES-Subject-Interview-Data-Analysis-File.dta,NA
i307,[intermediate] HVLT trial 3,SAGES_Telephone,whitpnpb03,NA,NA,77 = missing; 99 = missing,mem,NA,GCP-intermediate variable,SAGES-Subject-Interview-Data-Analysis-File.dta,NA
i308,[intermediate] HVLT sum of learning trials (words),SAGES_Telephone,"i305, i306, i307",NA,"case_when(sum(is.na(i305), is.na(i306), is.na(i307)) == 2 ~sum(c(i305, i306, i307), na.rm=TRUE)*(3/1),
          sum(is.na(i305), is.na(i306), is.na(i307)) == 1 ~sum(c(i305, i306, i307), na.rm=TRUE)*(3/2),
          sum(is.na(i305), is.na(i306), is.na(i307)) == 0 ~sum(c(i305, i306, i307), na.rm=TRUE)*(3/3))",NA,mem,NA,GCP-intermediate variable,SAGES-Subject-Interview-Data-Analysis-File.dta,NA
i309,[intermediate] HVLT max of learning trials (words),SAGES_Telephone,"i305, i306, i307",NA,"max(c(i305, i306, i307), na.rm=TRUE)",NA,mem,NA,GCP-intermediate variable,SAGES-Subject-Interview-Data-Analysis-File.dta,NA
i310,[intermediate] HVLT Delayed Recall (words),SAGES_Telephone,whitpnpb17,NA,NA,77 = missing; 99 = missing,mem,NA,GCP-intermediate variable,SAGES-Subject-Interview-Data-Analysis-File.dta,In the codebook it is whitpnpb10 - Cyrus changed the name in the analysis file to match the in-person
i311,[intermediate] HVLT percent recall,SAGES_Telephone,"i309, i310",NA,( i310 / i309 ) * 100,NA,mem,NA,GCP-intermediate variable,SAGES-Subject-Interview-Data-Analysis-File.dta,NA
i341,[intermediate] Aud Conf Naming (num correct),SAGES_Telephone,"i342, i343",NA,"sum(c(i342, i343), na.rm=TRUE)",NA,lan,NA,Not GCP,SAGES-Subject-Interview-Data-Analysis-File.dta,NA
i342,[intermediate] Aud Conf Naming (spontaneous),SAGES_Telephone,whitpnpb_bntcol1,NA,NA,77 = missing; 99 = missing,lan,NA,Not GCP,SAGES-Subject-Interview-Data-Analysis-File.dta,NA
i343,[intermediate] Aud Conf Naming (cued),SAGES_Telephone,whitpnpb_bntcol2,NA,NA,77 = missing; 99 = missing,lan,NA,Not GCP,SAGES-Subject-Interview-Data-Analysis-File.dta,NA
i365,[intermediate] Semantic fluency - supermarket,SAGES_Telephone,whitpnpb34,NA,NA,77 = missing; 99 = missing,lan,NA,GCP-intermediate variable,SAGES-Subject-Interview-Data-Analysis-File.dta,In the codebook it is whitpnpb31 - Cyrus changed the name in the analysis file to match the in-person
i381,[intermediate] number of FAS words,SAGES_Telephone,"i382, i383, i384",NA,"case_when(sum(is.na(i382), is.na(i383), is.na(i384)) == 2 ~sum(c(i382, i383, i384), na.rm=TRUE)*(3/1),
          sum(is.na(i382), is.na(i383), is.na(i384)) == 1 ~sum(c(i382, i383, i384), na.rm=TRUE)*(3/2),
          sum(is.na(i382), is.na(i383), is.na(i384)) == 0 ~sum(c(i382, i383, i384), na.rm=TRUE)*(3/3))",NA,lan,NA,GCP-intermediate variable,SAGES-Subject-Interview-Data-Analysis-File.dta,NA
i382,[intermediate] number of F words,SAGES_Telephone,whitpnpb25,NA,NA,77 = missing; 99 = missing,lan,NA,GCP-intermediate variable,SAGES-Subject-Interview-Data-Analysis-File.dta,In the codebook it is whitpnpb22 - Cyrus changed the name in the analysis file to match the in-person
i383,[intermediate] number of A words,SAGES_Telephone,whitpnpb28,NA,NA,77 = missing; 99 = missing,lan,NA,GCP-intermediate variable,SAGES-Subject-Interview-Data-Analysis-File.dta,In the codebook it is whitpnpb25 - Cyrus changed the name in the analysis file to match the in-person
i384,[intermediate] number of S words,SAGES_Telephone,whitpnpb31,NA,NA,77 = missing; 99 = missing,lan,NA,GCP-intermediate variable,SAGES-Subject-Interview-Data-Analysis-File.dta,In the codebook it is whitpnpb28 - Cyrus changed the name in the analysis file to match the in-person
i385,[intermediate] Category Switching - Fruit,SAGES_Telephone,whicatsw_fruits,NA,NA,77 = missing; 99 = missing,lan,NA,GCP-intermediate variable,NA,In the codebook it is whitpnpb17 - Cyrus changed the name in the analysis file to match the in-person
i386,[intermediate] Category Switching - Furniture,SAGES_Telephone,whicatsw_furn,NA,NA,77 = missing; 99 = missing,lan,NA,GCP-intermediate variable,NA,In the codebook it is whitpnpb18 - Cyrus changed the name in the analysis file to match the in-person
i387,[intermediate] Category Switching - Correct Switches,SAGES_Telephone,whicatsw_correct,NA,NA,77 = missing; 99 = missing,lan,NA,GCP-intermediate variable,NA,In the codebook it is whitpnpb19 - Cyrus changed the name in the analysis file to match the in-person
i401,[Intermediate] sum of VSAT tasks,SAGESII_Inperson,"i402, i403",NA,"case_when(sum(is.na(i402), is.na(i403)) == 1 ~sum(c(i402, i403), na.rm=TRUE)*(2/1),
          sum(is.na(i402), is.na(i403)) == 0 ~sum(c(i402, i403), na.rm=TRUE)*(2/2))",NA,att,NA,GCP-intermediate variable,NA,NA
i402,[Intermediate] VSAT 1,SAGESII_Inperson,npb_06,NA,NA,77 = missing; 99 = missing,att,NA,GCP-intermediate variable,sagesii.dta,NA
i403,[Intermediate] VSAT 2,SAGESII_Inperson,npb_08,NA,NA,77 = missing; 99 = missing,att,NA,GCP-intermediate variable,sagesii.dta,NA
i405,[intermediate] HVLT trial 1,SAGESII_Inperson,npb_01,NA,NA,77 = missing; 99 = missing,mem,NA,GCP-intermediate variable,sagesii.dta,NA
i406,[intermediate] HVLT trial 2,SAGESII_Inperson,npb_02,NA,NA,77 = missing; 99 = missing,mem,NA,GCP-intermediate variable,sagesii.dta,NA
i407,[intermediate] HVLT trial 3,SAGESII_Inperson,npb_03,NA,NA,77 = missing; 99 = missing,mem,NA,GCP-intermediate variable,sagesii.dta,NA
i408,[intermediate] HVLT sum of learning trials (words),SAGESII_Inperson,"i405, i406, i407",NA,"case_when(sum(is.na(i405), is.na(i406), is.na(i407)) == 2 ~sum(c(i405, i406, i407), na.rm=TRUE)*(3/1),
          sum(is.na(i405), is.na(i406), is.na(i407)) == 1 ~sum(c(i405, i406, i407), na.rm=TRUE)*(3/2),
          sum(is.na(i405), is.na(i406), is.na(i407)) == 0 ~sum(c(i405, i406, i407), na.rm=TRUE)*(3/3))",NA,mem,NA,GCP-intermediate variable,NA,NA
i409,[intermediate] HVLT max of learning trials (words),SAGESII_Inperson,"i405, i406, i407",NA,"max(c(i405, i406, i407), na.rm=TRUE)",NA,mem,NA,GCP-intermediate variable,NA,NA
i410,[intermediate] HVLT Delayed Recall (words),SAGESII_Inperson,npb_17,NA,NA,77 = missing; 99 = missing,mem,NA,GCP-intermediate variable,sagesii.dta,NA
i411,[intermediate] HVLT percent recall,SAGESII_Inperson,"i409, i410",NA,( i410 / i409 ) * 100,NA,mem,NA,GCP-intermediate variable,NA,NA
i441,"[intermediate] Boston Naming Test, 15 Items (num correct)",SAGESII_Inperson,"i442, i443, i444",NA,"case_when(sum(is.na(i442), is.na(i443), is.na(i444)) == 2 ~sum(c(i442, i443, i444), na.rm=TRUE)*(3/1),
          sum(is.na(i442), is.na(i443), is.na(i444)) == 1 ~sum(c(i442, i443, i444), na.rm=TRUE)*(3/2),
          sum(is.na(i442), is.na(i443), is.na(i444)) == 0 ~sum(c(i442, i443, i444), na.rm=TRUE)*(3/3))",NA,lan,NA,GCP-intermediate variable,sagesii.dta,NA
i442,"[intermediate] Boston Naming Test, 1",SAGESII_Inperson,npb_37,NA,NA,77 = missing ; 99 = missing,lan,NA,GCP-intermediate variable,sagesii.dta,NA
i443,"[intermediate] Boston Naming Test, 2",SAGESII_Inperson,npb_38,NA,NA,77 = missing ; 99 = missing,lan,NA,GCP-intermediate variable,sagesii.dta,NA
i444,"[intermediate] Boston Naming Test, 3",SAGESII_Inperson,npb_39,NA,NA,77 = missing ; 99 = missing,lan,NA,GCP-intermediate variable,sagesii.dta,NA
i465,[intermediate] Semantic fluency - supermarket,SAGESII_Inperson,npb_34,NA,NA,77 = missing; 99 = missing,lan,NA,GCP-intermediate variable,sagesii.dta,NA
i481,[intermediate] number of FAS words,SAGESII_Inperson,"i482, i483, i484",NA,"case_when(sum(is.na(i482), is.na(i483), is.na(i484)) == 2 ~sum(c(i482, i483, i484), na.rm=TRUE)*(3/1),
          sum(is.na(i482), is.na(i483), is.na(i484)) == 1 ~sum(c(i482, i483, i484), na.rm=TRUE)*(3/2),
          sum(is.na(i482), is.na(i483), is.na(i484)) == 0 ~sum(c(i482, i483, i484), na.rm=TRUE)*(3/3))",NA,lan,NA,GCP-intermediate variable,NA,NA
i482,[intermediate] number of F words,SAGESII_Inperson,npb_25,NA,NA,77 = missing; 99 = missing,lan,NA,GCP-intermediate variable,sagesii.dta,NA
i483,[intermediate] number of A words,SAGESII_Inperson,npb_28,NA,NA,77 = missing; 99 = missing,lan,NA,GCP-intermediate variable,sagesii.dta,NA
i484,[intermediate] number of S words,SAGESII_Inperson,npb_31,NA,NA,77 = missing; 99 = missing,lan,NA,GCP-intermediate variable,sagesii.dta,NA
i505,[intermediate] HVLT trial 1,SAGESII_Telephone,npb_01,NA,NA,77 = missing; 99 = missing,mem,NA,GCP-intermediate variable,sagesii.dta,NA
i506,[intermediate] HVLT trial 2,SAGESII_Telephone,npb_02,NA,NA,77 = missing; 99 = missing,mem,NA,GCP-intermediate variable,sagesii.dta,NA
i507,[intermediate] HVLT trial 3,SAGESII_Telephone,npb_03,NA,NA,77 = missing; 99 = missing,mem,NA,GCP-intermediate variable,sagesii.dta,NA
i508,[intermediate] HVLT sum of learning trials (words),SAGESII_Telephone,"i505, i506, i507",NA,"case_when(sum(is.na(i505), is.na(i506), is.na(i507)) == 2 ~sum(c(i505, i506, i507), na.rm=TRUE)*(3/1),
          sum(is.na(i505), is.na(i506), is.na(i507)) == 1 ~sum(c(i505, i506, i507), na.rm=TRUE)*(3/2),
          sum(is.na(i505), is.na(i506), is.na(i507)) == 0 ~sum(c(i505, i506, i507), na.rm=TRUE)*(3/3))",NA,mem,NA,GCP-intermediate variable,NA,NA
i509,[intermediate] HVLT max of learning trials (words),SAGESII_Telephone,"i505, i506, i507",NA,"max(c(i505, i506, i507), na.rm=TRUE)",NA,mem,NA,GCP-intermediate variable,NA,NA
i510,[intermediate] HVLT Delayed Recall (words),SAGESII_Telephone,npb_17,NA,NA,77 = missing; 99 = missing,mem,NA,GCP-intermediate variable,sagesii.dta,NA
i511,[intermediate] HVLT percent recall,SAGESII_Telephone,"i509, i510",NA,( i510 / i509 ) * 100,NA,mem,NA,GCP-intermediate variable,NA,NA
i541,[intermediate] Aud Conf Naming (num correct),SAGESII_Telephone,"i542, i543",NA,"sum(c(i542, i543), na.rm=TRUE)",NA,lan,NA,Not GCP,sagesii.dta,NA
i542,[intermediate] Aud Conf Naming (spontaneous),SAGESII_Telephone,npb_51,NA,NA,77 = missing; 99 = missing,lan,NA,Not GCP,sagesii.dta,NA
i543,[intermediate] Aud Conf Naming (cued),SAGESII_Telephone,npb_52,NA,NA,77 = missing; 99 = missing,lan,NA,Not GCP,sagesii.dta,NA
i565,[intermediate] Semantic fluency - supermarket,SAGESII_Telephone,npb_34,NA,NA,77 = missing; 99 = missing,lan,NA,GCP-intermediate variable,sagesii.dta,NA
i566,[intermediate] Category Switching - Fruits,SAGESII_Telephone,npb_53,NA,NA,77 = missing; 99 = missing,lan,NA,GCP-intermediate variable,sagesii.dta,NA
i567,[intermediate] Category Switching - Furniture,SAGESII_Telephone,npb_54,NA,NA,77 = missing; 99 = missing,lan,NA,GCP-intermediate variable,sagesii.dta,NA
i568,[intermediate] Category Switching - Total number correct switches,SAGESII_Telephone,npb_55,NA,NA,77 = missing; 99 = missing,lan,NA,GCP-intermediate variable,sagesii.dta,NA
i581,[intermediate] number of FAS words,SAGESII_Telephone,"i582, i583, i565",NA,"case_when(sum(is.na(i582), is.na(i583), is.na(i584)) == 2 ~sum(c(i582, i583, i584), na.rm=TRUE)*(3/1),
          sum(is.na(i582), is.na(i583), is.na(i584)) == 1 ~sum(c(i582, i583, i584), na.rm=TRUE)*(3/2),
          sum(is.na(i582), is.na(i583), is.na(i584)) == 0 ~sum(c(i582, i583, i584), na.rm=TRUE)*(3/3))",NA,NA,NA,GCP-intermediate variable,sagesii.dta,NA
i582,[intermediate] number of F words,SAGESII_Telephone,npb_25,NA,NA,77 = missing; 99 = missing,NA,NA,GCP-intermediate variable,sagesii.dta,NA
i583,[intermediate] number of A words,SAGESII_Telephone,npb_28,NA,NA,77 = missing; 99 = missing,NA,NA,GCP-intermediate variable,sagesii.dta,NA
i584,[intermediate] number of S words,SAGESII_Telephone,npb_31,NA,NA,77 = missing; 99 = missing,NA,NA,GCP-intermediate variable,sagesii.dta,NA
i601,[Intermediate] sum of VSAT tasks,SAGESII_Video,"i602, i603",NA,"case_when(sum(is.na(i602), is.na(i603)) == 1 ~sum(c(i602, i603), na.rm=TRUE)*(2/1),
          sum(is.na(i602), is.na(i603)) == 0 ~sum(c(i602, i603), na.rm=TRUE)*(2/2))",NA,att,NA,GCP-intermediate variable,NA,NA
i602,[Intermediate] VSAT 1,SAGESII_Video,npb_06,NA,NA,77 = missing; 99 = missing,att,NA,GCP-intermediate variable,sagesii.dta,NA
i603,[Intermediate] VSAT 2,SAGESII_Video,npb_08,NA,NA,77 = missing; 99 = missing,att,NA,GCP-intermediate variable,sagesii.dta,NA
i605,[intermediate] HVLT trial 1,SAGESII_Video,npb_01,NA,NA,77 = missing; 99 = missing,mem,NA,GCP-intermediate variable,sagesii.dta,NA
i606,[intermediate] HVLT trial 2,SAGESII_Video,npb_02,NA,NA,77 = missing; 99 = missing,mem,NA,GCP-intermediate variable,sagesii.dta,NA
i607,[intermediate] HVLT trial 3,SAGESII_Video,npb_03,NA,NA,77 = missing; 99 = missing,mem,NA,GCP-intermediate variable,sagesii.dta,NA
i608,[intermediate] HVLT sum of learning trials (words),SAGESII_Video,"i605, i606, i607",NA,"case_when(sum(is.na(i605), is.na(i606), is.na(i607)) == 2 ~sum(c(i605, i606, i607), na.rm=TRUE)*(3/1),
          sum(is.na(i605), is.na(i606), is.na(i607)) == 1 ~sum(c(i605, i606, i607), na.rm=TRUE)*(3/2),
          sum(is.na(i605), is.na(i606), is.na(i607)) == 0 ~sum(c(i605, i606, i607), na.rm=TRUE)*(3/3))",NA,mem,NA,GCP-intermediate variable,NA,NA
i609,[intermediate] HVLT max of learning trials (words),SAGESII_Video,"i605, i606, i607",NA,"max(c(i605, i606, i607), na.rm=TRUE)",NA,mem,NA,GCP-intermediate variable,NA,NA
i610,[intermediate] HVLT Delayed Recall (words),SAGESII_Video,npb_17,NA,NA,77 = missing; 99 = missing,mem,NA,GCP-intermediate variable,sagesii.dta,NA
i611,[intermediate] HVLT percent recall,SAGESII_Video,"i609, i610",NA,( i610 / i609 ) * 100,NA,mem,NA,GCP-intermediate variable,NA,NA
i641,"[intermediate] Boston Naming Test, 15 Items (num correct)",SAGESII_Video,"i642, i643, i644",NA,"case_when(sum(is.na(i642), is.na(i643), is.na(i644)) == 2 ~sum(c(i642, i643, i644), na.rm=TRUE)*(3/1),
          sum(is.na(i642), is.na(i643), is.na(i644)) == 1 ~sum(c(i642, i643, i644), na.rm=TRUE)*(3/2),
          sum(is.na(i642), is.na(i643), is.na(i644)) == 0 ~sum(c(i642, i643, i644), na.rm=TRUE)*(3/3))",NA,lan,NA,GCP-intermediate variable,sagesii.dta,NA
i642,"[intermediate] Boston Naming Test, 1",SAGESII_Video,npb_37,NA,NA,77 = missing ; 99 = missing,lan,NA,GCP-intermediate variable,sagesii.dta,NA
i643,"[intermediate] Boston Naming Test, 2",SAGESII_Video,npb_38,NA,NA,77 = missing ; 99 = missing,lan,NA,GCP-intermediate variable,sagesii.dta,NA
i644,"[intermediate] Boston Naming Test, 3",SAGESII_Video,npb_39,NA,NA,77 = missing ; 99 = missing,lan,NA,GCP-intermediate variable,sagesii.dta,NA
i665,[intermediate] Semantic fluency - supermarket,SAGESII_Video,npb_34,NA,NA,77 = missing; 99 = missing,lan,NA,GCP-intermediate variable,sagesii.dta,NA
i681,[intermediate] number of FAS words,SAGESII_Video,"i682, i683, i684",NA,"case_when(sum(is.na(i682), is.na(i683), is.na(i684)) == 2 ~sum(c(i682, i683, i684), na.rm=TRUE)*(3/1),
          sum(is.na(i682), is.na(i683), is.na(i684)) == 1 ~sum(c(i682, i683, i684), na.rm=TRUE)*(3/2),
          sum(is.na(i682), is.na(i683), is.na(i684)) == 0 ~sum(c(i682, i683, i684), na.rm=TRUE)*(3/3))",NA,lan,NA,GCP-intermediate variable,NA,NA
i682,[intermediate] number of F words,SAGESII_Video,npb_25,NA,NA,77 = missing; 777 = missing; 99 = missing,lan,NA,GCP-intermediate variable,sagesii.dta,NA
i683,[intermediate] number of A words,SAGESII_Video,npb_28,NA,NA,77 = missing; 777 = missing; 99 = missing,lan,NA,GCP-intermediate variable,sagesii.dta,NA
i684,[intermediate] number of S words,SAGESII_Video,npb_31,NA,NA,77 = missing; 777 = missing; 99 = missing,lan,NA,GCP-intermediate variable,sagesii.dta,NA
i705,[intermediate] HVLT-RI,INTUIT_ACTIVE,hvltrinitial,NA,NA,-999 = missing,mem,0 - 12,GCP-intermediate variable,ACTIVATE_INTUIT_forNIDUS_04142022.xlsx[CognitiveData],NA
i706,[intermediate] HVLT-RII,INTUIT_ACTIVE,hvltr2initial,NA,NA,-999 = missing,mem,0 - 12,GCP-intermediate variable,ACTIVATE_INTUIT_forNIDUS_04142022.xlsx[CognitiveData],NA
i707,[intermediate] HVLT-RIII,INTUIT_ACTIVE,hvltr3initial,NA,NA,-999 = missing,mem,0 - 12,GCP-intermediate variable,ACTIVATE_INTUIT_forNIDUS_04142022.xlsx[CognitiveData],NA
i708,[intermediate] HVLT sum of learning trials,INTUIT_ACTIVE,"i705, i706, i707",NA,"case_when(sum(is.na(i705), is.na(i706), is.na(i707)) == 2 ~sum(c(i705, i706, i707), na.rm=TRUE)*(3/1),
           sum(is.na(i705), is.na(i706), is.na(i707)) == 1 ~sum(c(i705, i706, i707), na.rm=TRUE)*(3/2),
           sum(is.na(i705), is.na(i706), is.na(i707)) == 0 ~sum(c(i705, i706, i707), na.rm=TRUE)*(3/3))",NA,mem,0-36,GCP-intermediate variable,ACTIVATE_INTUIT_forNIDUS_04142022.xlsx[CognitiveData],NA
i709,[intermediate] HVLT max of learning trials,INTUIT_ACTIVE,"i705, i706, i707",NA,"max(c(i705, i706, i707), na.rm=TRUE)",NA,mem,0-12,GCP-intermediate variable,ACTIVATE_INTUIT_forNIDUS_04142022.xlsx[CognitiveData],NA
i710,[intermediate] HVLT-Delay Recall,INTUIT_ACTIVE,hvltdelayrecall,NA,NA,-999 = missing,mem,0 - 12,GCP-intermediate variable,ACTIVATE_INTUIT_forNIDUS_04142022.xlsx[CognitiveData],NA
i711,[intermediate] HVLT-Delayed Recall Percent,INTUIT_ACTIVE,"i709, i708",NA,( i709 / i708) * 100,NA,mem,NA,GCP-intermediate variable,ACTIVATE_INTUIT_forNIDUS_04142022.xlsx[CognitiveData],NA
i713,[intermediate] Wechsler reproduction immediate (3 trial sum),INTUIT_ACTIVE,"i714, i715, i716",NA,"case_when(sum(is.na(i714), is.na(i715), is.na(i716)) == 2 ~sum(c(i714, i715, i716), na.rm=TRUE)*(3/1),
           sum(is.na(i714), is.na(i715), is.na(i716)) == 1 ~sum(c(i714, i715, i716), na.rm=TRUE)*(3/2),
           sum(is.na(i714), is.na(i715), is.na(i716)) == 0 ~sum(c(i714, i715, i716), na.rm=TRUE)*(3/3))",NA,mem,NA,GCP-intermediate variable,ACTIVATE_INTUIT_forNIDUS_04142022.xlsx[CognitiveData],NA
i714,[intermediate] Wechsler reproduction immediate (trial 1),INTUIT_ACTIVE,figmemi1,NA,NA,-999 = missing,mem,NA,GCP-intermediate variable,ACTIVATE_INTUIT_forNIDUS_04142022.xlsx[CognitiveData],NA
i715,[intermediate] Wechsler reproduction immediate (trial 2),INTUIT_ACTIVE,figmemi2,NA,NA,-999 = missing,mem,NA,GCP-intermediate variable,ACTIVATE_INTUIT_forNIDUS_04142022.xlsx[CognitiveData],NA
i716,[intermediate] Wechsler reproduction immediate (trial 3),INTUIT_ACTIVE,figmemi3,NA,NA,-999 = missing,mem,NA,GCP-intermediate variable,ACTIVATE_INTUIT_forNIDUS_04142022.xlsx[CognitiveData],NA
i717,[intermediate] Wechsler reproduction delayed (3 trial sum),INTUIT_ACTIVE,"i718, i719, i720",NA,"case_when(sum(is.na(i718), is.na(i719), is.na(i720)) == 2 ~sum(c(i718, i719, i720), na.rm=TRUE)*(3/1),
           sum(is.na(i718), is.na(i719), is.na(i720)) == 1 ~sum(c(i718, i719, i720), na.rm=TRUE)*(3/2),
           sum(is.na(i718), is.na(i719), is.na(i720)) == 0 ~sum(c(i718, i719, i720), na.rm=TRUE)*(3/3))",NA,mem,NA,GCP-intermediate variable,ACTIVATE_INTUIT_forNIDUS_04142022.xlsx[CognitiveData],NA
i718,[intermediate] Wechsler reproduction delayed (trial 1),INTUIT_ACTIVE,figmemd1,NA,NA,-999 = missing,mem,NA,GCP-intermediate variable,ACTIVATE_INTUIT_forNIDUS_04142022.xlsx[CognitiveData],NA
i719,[intermediate] Wechsler reproduction delayed (trial 2),INTUIT_ACTIVE,figmemd2,NA,NA,-999 = missing,mem,NA,GCP-intermediate variable,ACTIVATE_INTUIT_forNIDUS_04142022.xlsx[CognitiveData],NA
i720,[intermediate] Wechsler reproduction delayed (trial 3),INTUIT_ACTIVE,figmemd3,NA,NA,-999 = missing,mem,NA,GCP-intermediate variable,ACTIVATE_INTUIT_forNIDUS_04142022.xlsx[CognitiveData],NA
i805,[intermediate] HVLT trial 1,SAGESII_Telephone_validation,npb_01,NA,NA,77 = missing; 99 = missing,mem,NA,GCP-intermediate variable,sagesii.dta,NA
i806,[intermediate] HVLT trial 2,SAGESII_Telephone_validation,npb_02,NA,NA,77 = missing; 99 = missing,mem,NA,GCP-intermediate variable,sagesii.dta,NA
i807,[intermediate] HVLT trial 3,SAGESII_Telephone_validation,npb_03,NA,NA,77 = missing; 99 = missing,mem,NA,GCP-intermediate variable,sagesii.dta,NA
i808,[intermediate] HVLT sum of learning trials (words),SAGESII_Telephone_validation,"i805, i806, i807",NA,"case_when(sum(is.na(i805), is.na(i806), is.na(i807)) == 2 ~sum(c(i805, i806, i807), na.rm=TRUE)*(3/1),
          sum(is.na(i805), is.na(i806), is.na(i807)) == 1 ~sum(c(i805, i806, i807), na.rm=TRUE)*(3/2),
          sum(is.na(i805), is.na(i806), is.na(i807)) == 0 ~sum(c(i805, i806, i807), na.rm=TRUE)*(3/3))",NA,mem,NA,GCP-intermediate variable,NA,NA
i809,[intermediate] HVLT max of learning trials (words),SAGESII_Telephone_validation,"i805, i806, i807",NA,"max(c(i805, i806, i807), na.rm=TRUE)",NA,mem,NA,GCP-intermediate variable,NA,NA
i810,[intermediate] HVLT Delayed Recall (words),SAGESII_Telephone_validation,npb_17,NA,NA,77 = missing; 99 = missing,mem,NA,GCP-intermediate variable,sagesii.dta,NA
i811,[intermediate] HVLT percent recall,SAGESII_Telephone_validation,"i809, i810",NA,( i810 / i809 ) * 100,NA,mem,NA,GCP-intermediate variable,NA,NA
i841,[intermediate] Aud Conf Naming (num correct),SAGESII_Telephone_validation,"i842, i843",NA,"sum(c(i842, i843), na.rm=TRUE)",NA,lan,NA,Not GCP,sagesii.dta,NA
i842,[intermediate] Aud Conf Naming (spontaneous),SAGESII_Telephone_validation,npb_51,NA,NA,77 = missing; 99 = missing,lan,NA,Not GCP,sagesii.dta,NA
i843,[intermediate] Aud Conf Naming (cued),SAGESII_Telephone_validation,npb_52,NA,NA,77 = missing; 99 = missing,lan,NA,Not GCP,sagesii.dta,NA
i865,[intermediate] Semantic fluency - supermarket,SAGESII_Telephone_validation,npb_34,NA,NA,77 = missing; 99 = missing,lan,NA,GCP-intermediate variable,sagesii.dta,NA
i866,[intermediate] Category Switching - Fruits,SAGESII_Telephone_validation,npb_53,NA,NA,77 = missing; 99 = missing,lan,NA,GCP-intermediate variable,sagesii.dta,NA
i867,[intermediate] Category Switching - Furniture,SAGESII_Telephone_validation,npb_54,NA,NA,77 = missing; 99 = missing,lan,NA,GCP-intermediate variable,sagesii.dta,NA
i868,[intermediate] Category Switching - Total number correct switches,SAGESII_Telephone_validation,npb_55,NA,NA,77 = missing; 99 = missing,lan,NA,GCP-intermediate variable,sagesii.dta,NA
i881,[intermediate] number of FAS words,SAGESII_Telephone_validation,"i882, i883, i865",NA,"case_when(sum(is.na(i882), is.na(i883), is.na(i884)) == 2 ~sum(c(i882, i883, i884), na.rm=TRUE)*(3/1),
          sum(is.na(i882), is.na(i883), is.na(i884)) == 1 ~sum(c(i882, i883, i884), na.rm=TRUE)*(3/2),
          sum(is.na(i882), is.na(i883), is.na(i884)) == 0 ~sum(c(i882, i883, i884), na.rm=TRUE)*(3/3))",NA,NA,NA,GCP-intermediate variable,sagesii.dta,NA
i882,[intermediate] number of F words,SAGESII_Telephone_validation,npb_25,NA,NA,77 = missing; 99 = missing,NA,NA,GCP-intermediate variable,sagesii.dta,NA
i883,[intermediate] number of A words,SAGESII_Telephone_validation,npb_28,NA,NA,77 = missing; 99 = missing,NA,NA,GCP-intermediate variable,sagesii.dta,NA
i884,[intermediate] number of S words,SAGESII_Telephone_validation,npb_31,NA,NA,77 = missing; 99 = missing,NA,NA,GCP-intermediate variable,sagesii.dta,NA
i901,[Intermediate] sum of VSAT tasks,SAGESII_Video_validation,"i902, i903",NA,"case_when(sum(is.na(i902), is.na(i903)) == 1 ~sum(c(i902, i903), na.rm=TRUE)*(2/1),
          sum(is.na(i902), is.na(i903)) == 0 ~sum(c(i902, i903), na.rm=TRUE)*(2/2))",NA,att,NA,GCP-intermediate variable,NA,NA
i902,[Intermediate] VSAT 1,SAGESII_Video_validation,npb_06,NA,NA,77 = missing; 99 = missing,att,NA,GCP-intermediate variable,sagesii.dta,NA
i903,[Intermediate] VSAT 2,SAGESII_Video_validation,npb_08,NA,NA,77 = missing; 99 = missing,att,NA,GCP-intermediate variable,sagesii.dta,NA
i905,[intermediate] HVLT trial 1,SAGESII_Video_validation,npb_01,NA,NA,77 = missing; 99 = missing,mem,NA,GCP-intermediate variable,sagesii.dta,NA
i906,[intermediate] HVLT trial 2,SAGESII_Video_validation,npb_02,NA,NA,77 = missing; 99 = missing,mem,NA,GCP-intermediate variable,sagesii.dta,NA
i907,[intermediate] HVLT trial 3,SAGESII_Video_validation,npb_03,NA,NA,77 = missing; 99 = missing,mem,NA,GCP-intermediate variable,sagesii.dta,NA
i908,[intermediate] HVLT sum of learning trials (words),SAGESII_Video_validation,"i905, i906, i907",NA,"case_when(sum(is.na(i905), is.na(i906), is.na(i907)) == 2 ~sum(c(i905, i906, i907), na.rm=TRUE)*(3/1),
          sum(is.na(i905), is.na(i906), is.na(i907)) == 1 ~sum(c(i905, i906, i907), na.rm=TRUE)*(3/2),
          sum(is.na(i905), is.na(i906), is.na(i907)) == 0 ~sum(c(i905, i906, i907), na.rm=TRUE)*(3/3))",NA,mem,NA,GCP-intermediate variable,NA,NA
i909,[intermediate] HVLT max of learning trials (words),SAGESII_Video_validation,"i905, i906, i907",NA,"max(c(i905, i906, i907), na.rm=TRUE)",NA,mem,NA,GCP-intermediate variable,NA,NA
i910,[intermediate] HVLT Delayed Recall (words),SAGESII_Video_validation,npb_17,NA,NA,77 = missing; 99 = missing,mem,NA,GCP-intermediate variable,sagesii.dta,NA
i911,[intermediate] HVLT percent recall,SAGESII_Video_validation,"i909, i910",NA,( i910 / i909 ) * 100,NA,mem,NA,GCP-intermediate variable,NA,NA
i941,"[intermediate] Boston Naming Test, 15 Items (num correct)",SAGESII_Video_validation,"i942, i943, i944",NA,"case_when(sum(is.na(i942), is.na(i943), is.na(i944)) == 2 ~sum(c(i942, i943, i944), na.rm=TRUE)*(3/1),
          sum(is.na(i942), is.na(i943), is.na(i944)) == 1 ~sum(c(i942, i943, i944), na.rm=TRUE)*(3/2),
          sum(is.na(i942), is.na(i943), is.na(i944)) == 0 ~sum(c(i942, i943, i944), na.rm=TRUE)*(3/3))",NA,lan,NA,GCP-intermediate variable,sagesii.dta,NA
i942,"[intermediate] Boston Naming Test, 1",SAGESII_Video_validation,npb_37,NA,NA,77 = missing ; 99 = missing,lan,NA,GCP-intermediate variable,sagesii.dta,NA
i943,"[intermediate] Boston Naming Test, 2",SAGESII_Video_validation,npb_38,NA,NA,77 = missing ; 99 = missing,lan,NA,GCP-intermediate variable,sagesii.dta,NA
i944,"[intermediate] Boston Naming Test, 3",SAGESII_Video_validation,npb_39,NA,NA,77 = missing ; 99 = missing,lan,NA,GCP-intermediate variable,sagesii.dta,NA
i965,[intermediate] Semantic fluency - supermarket,SAGESII_Video_validation,npb_34,NA,NA,77 = missing; 99 = missing,lan,NA,GCP-intermediate variable,sagesii.dta,NA
i981,[intermediate] number of FAS words,SAGESII_Video_validation,"i982, i983, i984",NA,"case_when(sum(is.na(i982), is.na(i983), is.na(i984)) == 2 ~sum(c(i982, i983, i984), na.rm=TRUE)*(3/1),
          sum(is.na(i982), is.na(i983), is.na(i984)) == 1 ~sum(c(i982, i983, i984), na.rm=TRUE)*(3/2),
          sum(is.na(i982), is.na(i983), is.na(i984)) == 0 ~sum(c(i982, i983, i984), na.rm=TRUE)*(3/3))",NA,lan,NA,GCP-intermediate variable,NA,NA
i982,[intermediate] number of F words,SAGESII_Video_validation,npb_25,NA,NA,77 = missing; 777 = missing; 99 = missing,lan,NA,GCP-intermediate variable,sagesii.dta,NA
i983,[intermediate] number of A words,SAGESII_Video_validation,npb_28,NA,NA,77 = missing; 777 = missing; 99 = missing,lan,NA,GCP-intermediate variable,sagesii.dta,NA
i984,[intermediate] number of S words,SAGESII_Video_validation,npb_31,NA,NA,77 = missing; 777 = missing; 99 = missing,lan,NA,GCP-intermediate variable,sagesii.dta,NA
Q100,"Trails B (time, deciles)",HRS_ADAMS,ANTMBSEC,10 = 0 - 45.94; 9 = 45.94 - 75.83; 8 = 75.83 - 105.72; 7 = 105.72 - 135.61; 6 = 135.61 - 165.50; 5 = 165.50 - 195.39; 4 = 195.39 - 225.28; 3 = 225.28 - 255.17; 2 = 255.17 - 285.33; 1 = 285.33 - 776,NA,995 = missing; 996 = missing; 997 = missing,ef,NA,GCP,ADAMS1AN_R.dta,u1; directionality is positive after recode. Doug: How do we code
Q101,"Trails A (time, deciles)",HRS_ADAMS,ANTMASEC,10 = 0 - 14.72; 9 = 14.72 - 34.17; 8 = 34.17 - 53.61; 7 = 53.61 - 73.06; 6 = 73.06 - 92.50; 5 = 92.50 - 111.94; 4 = 111.94 - 131.39; 3 = 131.39 - 150.83; 2 = 150.83 - 170.67; 1 = 170.67 - 776,NA,995 = missing; 996 = missing; 997 = missing,att,NA,GCP,ADAMS1AN_R.dta,u11
Q102,Digit Span Forward,HRS_ADAMS,ANDSSFT,1 = 0 - 0.89; 2 = 0.89 - 2.67; 3 = 2.67 - 4.44; 4 = 4.44 - 6.22; 5 = 6.22 - 8.00; 6 = 8.00 - 9.78; 7 = 9.78 - 11.56; 8 = 11.56 - 13.33; 9 = 13.33 - 16.00; 10 = 16.00 - 76,NA,97 = missing,att,NA,GCP,ADAMS1AN_R.dta,u2
Q103,Digit Span Backward,HRS_ADAMS,ANDSSBT,1 = 0 - 0.72; 2 = 0.72 - 2.17; 3 = 2.17 - 3.61; 4 = 3.61 - 5.06; 5 = 5.06 - 6.50; 6 = 6.50 - 7.94; 7 = 7.94 - 9.39; 8 = 9.39 - 10.83; 9 = 10.83 - 13.00; 10 = 13.00 - 76,NA,97 = missing,att,NA,GCP,ADAMS1AN_R.dta,u3
Q104,CERAD Animal Fluency,HRS_ADAMS,ANAFTOT,1 = 0 - 1.83; 2 = 1.83 - 5.50; 3 = 5.50 - 9.17; 4 = 9.17 - 12.83; 5 = 12.83 - 16.50; 6 = 16.50 - 20.17; 7 = 20.17 - 23.83; 8 = 23.83 - 27.50; 9 = 27.50 - 33.00; 10 = 33.00 - 76,NA,97 = missing,lan,NA,GCP-alt-3a,ADAMS1AN_R.dta,u4
Q105,CERAD Animal Fluency,HRS_ADAMS,ANAFTOT,1 = 0 - 1.83; 2 = 1.83 - 5.50; 3 = 5.50 - 9.17; 4 = 9.17 - 12.83; 5 = 12.83 - 16.50; 6 = 16.50 - 20.17; 7 = 20.17 - 23.83; 8 = 23.83 - 27.50; 9 = 27.50 - 33.00; 10 = 33.00 - 76,NA,97 = missing,lan,NA,GCP-alt-3b,ADAMS1AN_R.dta,u4
Q106,CERAD sum of learning trials nonile,HRS_ADAMS,i021,1 = 0-1; 2 = 2-4; 3 = 5-8; 4 = 9-11; 5 = 12-14; 6 = 15-17; 7 = 18-20; 8 = 21-24; 9 = 25-30,NA,NA,mem,NA,GCP,ADAMS1AN_R.dta,u8
Q109,"CERAD Delayed Word Recall, percent nonile",HRS_ADAMS,i013,1 = 0-12; 2 = 12-37; 3 = 37-56; 4 = 56-78; 5 = 78-101; 6 = 101-121; 7 = 121-141; 8 = 141-151; 9 = 151-max,NA,NA,mem,NA,GCP,NA,NA
Q110,Symbol Digit Modalities,HRS_ADAMS,ANSDMTOT,1 = 0-3; 2 = 4-10; 3 = 11-17; 4 = 18-24; 5 = 25-31; 6 = 32-38; 7 = 39-45; 8 = 46-53; 9 = 54-63,NA,97 = missing,att,NA,GCP,ADAMS1AN_R.dta,u6
Q111,LMT: Wechsler Logical Memory II Total for Stories,HRS_ADAMS,ANWM2TOT,NA,NA,97 = missing,mem,NA,Not GCP,ADAMS1AN_R.dta,NA
Q112,LMT: Wechsler Logical Memory I Total for Stories,HRS_ADAMS,ANWM1TOT,NA,NA,97 = missing,mem,NA,Not GCP,ADAMS1AN_R.dta,NA
Q113,Wechsler Logical Memory I Story A Total,HRS_ADAMS,ANWM1A,NA,NA,97 = missing,mem,NA,Not GCP,ADAMS1AN_R.dta,NA
Q114,Wechsler Logical Memory II Story A Total,HRS_ADAMS,ANWM2A,NA,NA,97 = missing,mem,NA,Not GCP,ADAMS1AN_R.dta,NA
Q115,"Boston Naming Test, 15 Items",HRS_ADAMS,ANBNTTOT,1 = 0 - 0.83; 2 = 0.83 - 2.50; 3 = 2.50 - 4.17; 4 = 4.17 - 5.83; 5 = 5.83 - 7.50; 6 = 7.50 - 9.17; 7 = 9.17 - 10.83; 8 = 10.83 - 12.50; 9 = 12.50 - 14.33; 10 = 14.33 - 76,NA,97 = missing,lan,NA,GCP,ADAMS1AN_R.dta,u5
Q116,Benton Visual Retention Test,HRS_ADAMS,ANVRTCOR,NA,NA,97 = missing,mem,NA,Not GCP,ADAMS1AN_R.dta,NA
Q117,Letter fluency CFL (Controlled Oral Word Association Test (COWAT)),HRS_ADAMS,ANCOWATO,1 = 0 - 3.67; 2 = 3.67 - 11.00; 3 = 11.00 - 18.33; 4 = 18.33 - 25.67; 5 = 25.67 - 33.00; 6 = 33.00 - 40.33; 7 = 40.33 - 47.67; 8 = 47.67 - 55.00; 9 = 55.00 - 66.00; 10 = 66.00 - 76,NA,97 = missing,lan,NA,GCP-alt-2a,ADAMS1AN_R.dta,"u10; [The COWA test was developed as part of the Multilingual Aphasia Examination and requires retrieval and oral production of spoken words beginning with a designated letter (Benton et al., 1983). The letters used in the ADAMS neuropsychological assessment were CFL. The letters used in Spanish-language administration were PSV (Jacobs et al., 1997). The code for the total raw score is ANCOWATO]"
Q118,Letter fluency (F),HRS_ADAMS,ANCOWAF,1 = 0 - 1.5; 2 = 1.5 - 3.5; 3 = 3.5 - 6.5; 4 = 6.5 - 8.5; 5 = 8.5 - 11.5; 6 = 11.5 - 14.5; 7 = 14.5 - 16.5; 8 = 16.5 - 19.5; 9 = 19.5 - 76,NA,97 = missing,lan,NA,GCP-alt-2b,ADAMS1AN_R.dta,NA
Q119,Letter fluency (C),HRS_ADAMS,ANCOWAC,1 = 0 - 1.5; 2 = 1.5 - 4.5; 3 = 4.5 - 6.5; 4 = 6.5 - 9.5; 5 = 9.5 - 12.5; 6 = 12.5 - 15.5; 7 = 15.5 - 18.5; 8 = 18.5 - 20.5; 9 = 20.5 - 76,NA,97 = missing,lan,NA,GCP-alt-2b,ADAMS1AN_R.dta,NA
Q120,Letter fluency (L),HRS_ADAMS,ANCOWAL,1 = 0 - 1.5; 2 = 1.5 - 3.5; 3 = 3.5 - 5.5; 4 = 5.5 - 8.5; 5 = 8.5 - 10.5; 6 = 10.5 - 12.5; 7 = 12.5 - 15.5; 8 = 15.5 - 17.5; 9 = 17.5 - 76,NA,97 = missing,lan,NA,GCP-alt-2b,ADAMS1AN_R.dta,NA
Q121,Letter fluency CFL (Controlled Oral Word Association Test (COWAT)),HRS_ADAMS,ANCOWATO,1 = 0 - 3.67; 2 = 3.67 - 11.00; 3 = 11.00 - 18.33; 4 = 18.33 - 25.67; 5 = 25.67 - 33.00; 6 = 33.00 - 40.33; 7 = 40.33 - 47.67; 8 = 47.67 - 55.00; 9 = 55.00 - 66.00; 10 = 66.00 - 76,NA,97 = missing,lan,NA,GCP-alt-2c,ADAMS1AN_R.dta,"u10; [The COWA test was developed as part of the Multilingual Aphasia Examination and requires retrieval and oral production of spoken words beginning with a designated letter (Benton et al., 1983). The letters used in the ADAMS neuropsychological assessment were CFL. The letters used in Spanish-language administration were PSV (Jacobs et al., 1997). The code for the total raw score is ANCOWATO])"
Q122,Constructional Praxis Total Recall,HRS_ADAMS,ANCPTOT,NA,NA,97 = missing,mem,NA,Not GCP,ADAMS1AN_R.dta,NA
Q123,Constructional Praxis Recognition,HRS_ADAMS,ANRCPTOT,NA,NA,97 = missing,mem,NA,Not GCP,ADAMS1AN_R.dta,NA
Q222,Visual Search and Attention Task (VSAT) number of targets (septile),SAGES,i201,1 = 0 - 26.25; 2 = 26.25 - 34.38; 3 = 34.38 - 42.50; 4 = 42.50 - 50.63; 5 = 50.63 - 58.75; 6 = 58.75 - 66.88; 7 = 66.88 - 75.00; 7 = 75.00 - 100,NA,NA,att,NA,GCP-alt-1a,NA,"u23, The recode carries forward an error in gcp-declies.do"
Q223,HVLT Trial 1-3 nonile (not nonile),SAGES,i208,1 = 0 - 14.06; 2 = 14.06 - 17.28; 3 = 17.28 - 20.50; 4 = 20.50 - 23.72; 5 = 23.72 - 26.94; 6 = 26.94 - 30.17; 7 = 30.17 - 33.39; 8 = 33.39 - 35.00; 8 = 35.00 - 76,NA,NA,mem,NA,GCP-alt-1a,NA,The recode carries forward an error in gcp-declies.do
Q225,Visual Search and Attention Task (VSAT) number of targets (octile),SAGES,i201,1 = 0 - 26.25; 2 = 26.25 - 34.38; 3 = 34.38 - 42.50; 4 = 42.50 - 50.63; 5 = 50.63 - 58.75; 6 = 58.75 - 66.88; 7 = 66.88 - 75.00; 8 = 75.00 - 100,NA,NA,att,NA,GCP-alt-1b,NA,"u23, The recode CORRECTS an error in gcp-declies.do"
Q226,HVLT Trial 1-3 nonile (not nonile),SAGES,i208,1 = 0 - 14.06; 2 = 14.06 - 17.28; 3 = 17.28 - 20.50; 4 = 20.50 - 23.72; 5 = 23.72 - 26.94; 6 = 26.94 - 30.17; 7 = 30.17 - 33.39; 8 = 33.39 - 35.00; 9 = 35.00 - 76,NA,NA,mem,NA,GCP-alt-1b,NA,The recode CORRECTS an error in gcp-declies.do
Q227,HVLT Delayed Recall Percent (septile),SAGES,i211,1 = 0 - 32.00; 2 = 32.00 - 56.00; 3 = 56.00 - 72.00; 4 = 72.00 - 88.00; 5 = 88.00 - 104.00; 6 = 104.00 - 120.00; 7 = 120.00 - 128.00; 7 = 128.00 - 776,NA,NA,mem,NA,GCP-alt-1a,NA,The recode carries forward an error in gcp-declies.do
Q228,HVLT Delayed Recall Percent (octile),SAGES,i211,1 = 0 - 32.00; 2 = 32.00 - 56.00; 3 = 56.00 - 72.00; 4 = 72.00 - 88.00; 5 = 88.00 - 104.00; 6 = 104.00 - 120.00; 7 = 120.00 - 128.00; 8 = 128.00 - 776,NA,NA,mem,NA,GCP-alt-1b,NA,The recode CORRECTS an error in gcp-declies.do
Q231,"Trails A (time, decile)",SAGES,npb10,10 = 0 - 14.72; 9 = 14.72 - 34.17; 8 = 34.17 - 53.61; 7 = 53.61 - 73.06; 6 = 73.06 - 92.50; 5 = 92.50 - 111.94; 4 = 111.94 - 131.39; 3 = 131.39 - 150.83; 2 = 150.83 - 170.67; 1 = 170.67 - 776,NA,777 = missing; 999 = missing,att,NA,GCP,SAGES-Subject-Interview-Data-Analysis-File.dta,u11
Q233,"Trails B (time, decile)",SAGES,npb12,10 = 0 - 45.94; 9 = 45.94 - 75.83; 8 = 75.83 - 105.72; 7 = 105.72 - 135.61; 6 = 135.61 - 165.50; 5 = 165.50 - 195.39; 4 = 195.39 - 225.28; 3 = 225.28 - 255.17; 2 = 255.17 - 285.33; 1 = 285.33 - 776,NA,777 = missing; 999 = missing,ef,NA,GCP,SAGES-Subject-Interview-Data-Analysis-File.dta,u1
Q241,Digit Symbol Substitution (aka rbans) (septile),SAGES,npb14,1 = 0 - 21.38; 2 = 21.38 - 29.13; 3 = 29.13 - 36.88; 4 = 36.88 - 44.63; 5 = 44.63 - 52.38; 6 = 52.38 - 60.13; 7 = 60.13 - 64.00; 7 = 64.00 - 776,NA,777 = missing; 999 = missing,att,NA,GCP-alt-1a,SAGES-Subject-Interview-Data-Analysis-File.dta,The recode carries forward an error in gcp-declies.do
Q242,Digit Symbol Substitution (aka rbans) (octile),SAGES,npb14,1 = 0 - 21.38; 2 = 21.38 - 29.13; 3 = 29.13 - 36.88; 4 = 36.88 - 44.63; 5 = 44.63 - 52.38; 6 = 52.38 - 60.13; 7 = 60.13 - 64.00; 8 = 64.00 - 776,NA,777 = missing; 999 = missing,att,NA,GCP-alt-1b,SAGES-Subject-Interview-Data-Analysis-File.dta,The recode CORRECTS an error in gcp-declies.do
Q251,"Boston Naming Test, 15 Items (decile)",SAGES,i241,1 = 0 - 0.83; 2 = 0.83 - 2.50; 3 = 2.50 - 4.17; 4 = 4.17 - 5.83; 5 = 5.83 - 7.50; 6 = 7.50 - 9.17; 7 = 9.17 - 10.83; 8 = 10.83 - 12.50; 9 = 12.50 - 14.33; 10 = 14.33 - 76,NA,NA,lan,NA,GCP,SAGES-Subject-Interview-Data-Analysis-File.dta,u5
Q265,Semantic fluency - supermarket (ADAMS animal deciles),SAGES,i265,1 = 0 - 1.83; 2 = 1.83 - 5.50; 3 = 5.50 - 9.17; 4 = 9.17 - 12.83; 5 = 12.83 - 16.50; 6 = 16.50 - 20.17; 7 = 20.17 - 23.83; 8 = 23.83 - 27.50; 9 = 27.50 - 33.00; 10 = 33.00 - 76,NA,NA,lan,NA,GCP-alt-3a,SAGES-Subject-Interview-Data-Analysis-File.dta,Deciles based on ADAMS animal naming (as used in GCP)
Q266,Semantic fluency - supermarket (SAGES deciles),SAGES,i265,1 = 0 - 10.5; 2 = 10.5 - 14.5; 3 = 14.5 - 18.5; 4 = 18.5 - 22.5; 5 = 22.5 - 25.5; 6 = 25.5 - 29.5; 7 = 29.5 - 33.5; 8 = 33.5 - 76,NA,NA,lan,NA,GCP-alt-3b,SAGES-Subject-Interview-Data-Analysis-File.dta,Deciles based on SAGES sample
Q271,Digit Span Forwards (decile),SAGES,npb15,1 = 0 - 0.89; 2 = 0.89 - 2.67; 3 = 2.67 - 4.44; 4 = 4.44 - 6.22; 5 = 6.22 - 8.00; 6 = 8.00 - 9.78; 7 = 9.78 - 11.56; 8 = 11.56 - 13.33; 9 = 13.33 - 16.00; 10 = 16.00 - 76,NA,77 = missing; 99 = missing; 777 = missing,att,NA,GCP,SAGES-Subject-Interview-Data-Analysis-File.dta,u2
Q272,Digit Span Backwards (decile),SAGES,npb16,1 = 0 - 0.72; 2 = 0.72 - 2.17; 3 = 2.17 - 3.61; 4 = 3.61 - 5.06; 5 = 5.06 - 6.50; 6 = 6.50 - 7.94; 7 = 7.94 - 9.39; 8 = 9.39 - 10.83; 9 = 10.83 - 13.00; 10 = 13.00 - 76,NA,77 = missing; 99 = missing; 777 = missing,att,NA,GCP,SAGES-Subject-Interview-Data-Analysis-File.dta,u3
Q281,Letter Fluency (FAS) (CFL cutpoints),SAGES,i281,1 = 0 - 3.67; 2 = 3.67 - 11.00; 3 = 11.00 - 18.33; 4 = 18.33 - 25.67; 5 = 25.67 - 33.00; 6 = 33.00 - 40.33; 7 = 40.33 - 47.67; 8 = 47.67 - 55.00; 9 = 55.00 - 66.00; 10 = 66.00 - 200,NA,NA,lan,NA,GCP-alt-2a,SAGES-Subject-Interview-Data-Analysis-File.dta,Original GCP uses FAS and treats as equal to ADAMS CFL
Q282,Letter Fluency (F),SAGES,i282,1 = 0 - 1.5; 2 = 1.5 - 3.5; 3 = 3.5 - 6.5; 4 = 6.5 - 8.5; 5 = 8.5 - 11.5; 6 = 11.5 - 14.5; 7 = 14.5 - 16.5; 8 = 16.5 - 19.5; 9 = 19.5 - 76,NA,NA,lan,NA,GCP-alt-2b,SAGES-Subject-Interview-Data-Analysis-File.dta,NA
Q283,Letter Fluency (A),SAGES,i283,1 = 0 - 4.5; 2 = 4.5 - 6.5; 3 = 6.5 - 8.5;  4 = 8.5 - 10.5; 5 = 10.5 - 12.5; 6 = 12.5 - 14.5; 7 = 14.5 - 16.5; 8 = 16.5 - 18.5; 9 = 18.5 - 20.5; 10 = 20.5 - 76,NA,NA,lan,NA,GCP-alt-2b,SAGES-Subject-Interview-Data-Analysis-File.dta,NA
Q284,Letter Fluency (S),SAGES,i284,1 = 0 - 6.5; 2 = 6.5 - 8.5; 3 = 8.5 - 10.5; 4 = 10.5 - 12.5; 5 = 12.5 - 14.5; 6 = 14.5 - 16.5; 7 = 16.5 - 18.5; 8 = 18.5 - 21.5; 9 = 21.5 - 24.5; 10 = 24.5 - 76,NA,NA,lan,NA,GCP-alt-2b,SAGES-Subject-Interview-Data-Analysis-File.dta,NA
Q285,Letter Fluency (FAS) (Sages deciles),SAGES,i281,1 = 0 - 20; 2 = 20 - 24; 3 = 24 - 28; 4 = 28 - 31; 5 = 31 - 35; 6 = 35 - 39; 7 = 39 - 43; 8 = 43 - 48; 9 = 48 - 53; 10 = 53 - 200,NA,NA,lan,NA,GCP-alt-2c,SAGES-Subject-Interview-Data-Analysis-File.dta,NA
Q323,HVLT Trial 1-3 nonile (not nonile),SAGES_Telephone,i308,1 = 0 - 14.06; 2 = 14.06 - 17.28; 3 = 17.28 - 20.50; 4 = 20.50 - 23.72; 5 = 23.72 - 26.94; 6 = 26.94 - 30.17; 7 = 30.17 - 33.39; 8 = 33.39 - 35.00; 8 = 35.00 - 76,NA,NA,mem,NA,GCP-alt-1a,SAGES-Subject-Interview-Data-Analysis-File.dta,NA
Q326,HVLT Trial 1-3 nonile (not nonile),SAGES_Telephone,i308,1 = 0 - 14.06; 2 = 14.06 - 17.28; 3 = 17.28 - 20.50; 4 = 20.50 - 23.72; 5 = 23.72 - 26.94; 6 = 26.94 - 30.17; 7 = 30.17 - 33.39; 8 = 33.39 - 35.00; 9 = 35.00 - 76,NA,NA,mem,NA,GCP-alt-1b,SAGES-Subject-Interview-Data-Analysis-File.dta,NA
Q327,HVLT Delayed Recall Percent (septile),SAGES_Telephone,i311,1 = 0 - 32.00; 2 = 32.00 - 56.00; 3 = 56.00 - 72.00; 4 = 72.00 - 88.00; 5 = 88.00 - 104.00; 6 = 104.00 - 120.00; 7 = 120.00 - 128.00; 7 = 128.00 - 776,NA,NA,mem,NA,GCP-alt-1a,SAGES-Subject-Interview-Data-Analysis-File.dta,NA
Q328,HVLT Delayed Recall Percent (octile),SAGES_Telephone,i311,1 = 0 - 32.00; 2 = 32.00 - 56.00; 3 = 56.00 - 72.00; 4 = 72.00 - 88.00; 5 = 88.00 - 104.00; 6 = 104.00 - 120.00; 7 = 120.00 - 128.00; 8 = 128.00 - 776,NA,NA,mem,NA,GCP-alt-1b,SAGES-Subject-Interview-Data-Analysis-File.dta,NA
Q352,Auditory confrontation naming (telephone),SAGES_Telephone,i341,1 = 0 - 12.5; 2 = 12.5 - 13.5; 3 = 13.5 - 14.5; 4 = 14.5 - 15.5,NA,NA,lan,NA,Not GCP,SAGES-Subject-Interview-Data-Analysis-File.dta,similar to Boston Naming Test
Q365,Semantic fluency - supermarket (ADAMS animal deciles),SAGES_Telephone,i365,1 = 0 - 1.83; 2 = 1.83 - 5.50; 3 = 5.50 - 9.17; 4 = 9.17 - 12.83; 5 = 12.83 - 16.50; 6 = 16.50 - 20.17; 7 = 20.17 - 23.83; 8 = 23.83 - 27.50; 9 = 27.50 - 33.00; 10 = 33.00 - 76,NA,NA,lan,NA,GCP-alt-3a,SAGES-Subject-Interview-Data-Analysis-File.dta,NA
Q366,Semantic fluency - supermarket (SAGES deciles),SAGES_Telephone,i365,1 = 0 - 10.5; 2 = 10.5 - 14.5; 3 = 14.5 - 18.5; 4 = 18.5 - 22.5; 5 = 22.5 - 25.5; 6 = 25.5 - 29.5; 7 = 29.5 - 33.5; 8 = 33.5 - 76,NA,NA,lan,NA,GCP-alt-3b,SAGES-Subject-Interview-Data-Analysis-File.dta,NA
Q371,Digit Span Forwards (decile),SAGES_Telephone,whitpnpb15,1 = 0 - 0.89; 2 = 0.89 - 2.67; 3 = 2.67 - 4.44; 4 = 4.44 - 6.22; 5 = 6.22 - 8.00; 6 = 8.00 - 9.78; 7 = 9.78 - 11.56; 8 = 11.56 - 13.33; 9 = 13.33 - 16.00; 10 = 16.00 - 76,NA,77 = missing; 777 = missing; 99 = missing,att,NA,GCP,SAGES-Subject-Interview-Data-Analysis-File.dta,In the codebook it is whitpnpb06 - Cyrus changed the name to match the in-person
Q372,Digit Span Backwards (decile),SAGES_Telephone,whitpnpb16,1 = 0 - 0.72; 2 = 0.72 - 2.17; 3 = 2.17 - 3.61; 4 = 3.61 - 5.06; 5 = 5.06 - 6.50; 6 = 6.50 - 7.94; 7 = 7.94 - 9.39; 8 = 9.39 - 10.83; 9 = 10.83 - 13.00; 10 = 13.00 - 76,NA,77 = missing; 777 = missing; 99 = missing,att,NA,GCP,SAGES-Subject-Interview-Data-Analysis-File.dta,In the codebook it is whitpnpb08 - Cyrus changed the name to match the in-person
Q381,Letter Fluency (FAS) (CFL cutpoints),SAGES_Telephone,i381,1 = 0 - 3.67; 2 = 3.67 - 11.00; 3 = 11.00 - 18.33; 4 = 18.33 - 25.67; 5 = 25.67 - 33.00; 6 = 33.00 - 40.33; 7 = 40.33 - 47.67; 8 = 47.67 - 55.00; 9 = 55.00 - 66.00; 10 = 66.00 - 200,NA,NA,lan,NA,GCP-alt-2a,SAGES-Subject-Interview-Data-Analysis-File.dta,NA
Q382,Letter Fluency (F),SAGES_Telephone,i382,1 = 0 - 1.5; 2 = 1.5 - 3.5; 3 = 3.5 - 6.5; 4 = 6.5 - 8.5; 5 = 8.5 - 11.5; 6 = 11.5 - 14.5; 7 = 14.5 - 16.5; 8 = 16.5 - 19.5; 9 = 19.5 - 76,NA,NA,lan,NA,GCP-alt-2b,SAGES-Subject-Interview-Data-Analysis-File.dta,NA
Q383,Letter Fluency (A),SAGES_Telephone,i383,1 = 0 - 4.5; 2 = 4.5 - 6.5; 3 = 6.5 - 8.5;  4 = 8.5 - 10.5; 5 = 10.5 - 12.5; 6 = 12.5 - 14.5; 7 = 14.5 - 16.5; 8 = 16.5 - 18.5; 9 = 18.5 - 20.5; 10 = 20.5 - 76,NA,NA,lan,NA,GCP-alt-2b,SAGES-Subject-Interview-Data-Analysis-File.dta,NA
Q384,Letter Fluency (S),SAGES_Telephone,i384,1 = 0 - 6.5; 2 = 6.5 - 8.5; 3 = 8.5 - 10.5; 4 = 10.5 - 12.5; 5 = 12.5 - 14.5; 6 = 14.5 - 16.5; 7 = 16.5 - 18.5; 8 = 18.5 - 21.5; 9 = 21.5 - 24.5; 10 = 24.5 - 76,NA,NA,lan,NA,GCP-alt-2b,SAGES-Subject-Interview-Data-Analysis-File.dta,NA
Q385,Letter Fluency (FAS) (SAGES deciles),SAGES_Telephone,i381,1 = 0 - 20; 2 = 20 - 24; 3 = 24 - 28; 4 = 28 - 31; 5 = 31 - 35; 6 = 35 - 39; 7 = 39 - 43; 8 = 43 - 48; 9  = 48 - 53; 10 = 53 - 200,NA,NA,lan,NA,GCP-alt-2c,SAGES-Subject-Interview-Data-Analysis-File.dta,NA
Q387,Category switching (Total number of correct switches),SAGES_Telephone,i387,1 = 0 - 6.5; 2 = 6.5 - 9.5; 3 = 9.5 - 10.5; 4 = 10.5 - 12.5; 5 = 12.5 - 13.5; 6 = 13.5 - 14.5; 7 = 14.5 - 15.5; 8 = 15.5 - 16.5; 9 = 16.5 - 17.5; 10 = 17.5 - 76,NA,NA,lan,NA,GCP,NA,NA
Q422,Visual Search and Attention Task (VSAT) number of targets (septile),SAGESII_Inperson,i401,1 = 0 - 26.25; 2 = 26.25 - 34.38; 3 = 34.38 - 42.50; 4 = 42.50 - 50.63; 5 = 50.63 - 58.75; 6 = 58.75 - 66.88; 7 = 66.88 - 75.00; 7 = 75.00 - 100,NA,NA,att,NA,GCP-alt-1a,NA,NA
Q423,HVLT Trial 1-3 nonile (not nonile),SAGESII_Inperson,i408,1 = 0 - 14.06; 2 = 14.06 - 17.28; 3 = 17.28 - 20.50; 4 = 20.50 - 23.72; 5 = 23.72 - 26.94; 6 = 26.94 - 30.17; 7 = 30.17 - 33.39; 8 = 33.39 - 35.00; 8 = 35.00 - 76,NA,NA,mem,NA,GCP-alt-1a,NA,NA
Q425,Visual Search and Attention Task (VSAT) number of targets (octile),SAGESII_Inperson,i401,1 = 0 - 26.25; 2 = 26.25 - 34.38; 3 = 34.38 - 42.50; 4 = 42.50 - 50.63; 5 = 50.63 - 58.75; 6 = 58.75 - 66.88; 7 = 66.88 - 75.00; 8 = 75.00 - 100,NA,NA,att,NA,GCP-alt-1b,NA,NA
Q426,HVLT Trial 1-3 nonile (not nonile),SAGESII_Inperson,i408,1 = 0 - 14.06; 2 = 14.06 - 17.28; 3 = 17.28 - 20.50; 4 = 20.50 - 23.72; 5 = 23.72 - 26.94; 6 = 26.94 - 30.17; 7 = 30.17 - 33.39; 8 = 33.39 - 35.00; 9 = 35.00 - 76,NA,NA,mem,NA,GCP-alt-1b,NA,NA
Q427,HVLT Delayed Recall Percent (septile),SAGESII_Inperson,i411,1 = 0 - 32.00; 2 = 32.00 - 56.00; 3 = 56.00 - 72.00; 4 = 72.00 - 88.00; 5 = 88.00 - 104.00; 6 = 104.00 - 120.00; 7 = 120.00 - 128.00; 7 = 128.00 - 776,NA,NA,mem,NA,GCP-alt-1a,NA,NA
Q428,HVLT Delayed Recall Percent (octile),SAGESII_Inperson,i411,1 = 0 - 32.00; 2 = 32.00 - 56.00; 3 = 56.00 - 72.00; 4 = 72.00 - 88.00; 5 = 88.00 - 104.00; 6 = 104.00 - 120.00; 7 = 120.00 - 128.00; 8 = 128.00 - 776,NA,NA,mem,NA,GCP-alt-1b,NA,NA
Q431,"Trails A (time, decile)",SAGESII_Inperson,npb_10,10 = 0 - 14.72; 9 = 14.72 - 34.17; 8 = 34.17 - 53.61; 7 = 53.61 - 73.06; 6 = 73.06 - 92.50; 5 = 92.50 - 111.94; 4 = 111.94 - 131.39; 3 = 131.39 - 150.83; 2 = 150.83 - 170.67; 1 = 170.67 - 776,NA,777 = missing; 999 = missing,att,NA,GCP,sagesii.dta,NA
Q433,"Trails B (time, decile)",SAGESII_Inperson,npb_12,10 = 0 - 45.94; 9 = 45.94 - 75.83; 8 = 75.83 - 105.72; 7 = 105.72 - 135.61; 6 = 135.61 - 165.50; 5 = 165.50 - 195.39; 4 = 195.39 - 225.28; 3 = 225.28 - 255.17; 2 = 255.17 - 285.33; 1 = 285.33 - 776,NA,777 = missing; 999 = missing,ef,NA,GCP,sagesii.dta,NA
Q441,Digit Symbol Substitution (aka rbans) (septile),SAGESII_Inperson,npb_14,1 = 0 - 21.38; 2 = 21.38 - 29.13; 3 = 29.13 - 36.88; 4 = 36.88 - 44.63; 5 = 44.63 - 52.38; 6 = 52.38 - 60.13; 7 = 60.13 - 64.00; 7 = 64.00 - 776,NA,777 = missing; 999 = missing,att,NA,GCP-alt-1a,sagesii.dta,NA
Q442,Digit Symbol Substitution (aka rbans) (octile),SAGESII_Inperson,npb_14,1 = 0 - 21.38; 2 = 21.38 - 29.13; 3 = 29.13 - 36.88; 4 = 36.88 - 44.63; 5 = 44.63 - 52.38; 6 = 52.38 - 60.13; 7 = 60.13 - 64.00; 8 = 64.00 - 776,NA,777 = missing; 999 = missing,att,NA,GCP-alt-1b,sagesii.dta,NA
Q451,"Boston Naming Test, 15 Items (decile)",SAGESII_Inperson,i441,1 = 0 - 0.83; 2 = 0.83 - 2.50; 3 = 2.50 - 4.17; 4 = 4.17 - 5.83; 5 = 5.83 - 7.50; 6 = 7.50 - 9.17; 7 = 9.17 - 10.83; 8 = 10.83 - 12.50; 9 = 12.50 - 14.33; 10 = 14.33 - 76,NA,NA,lan,NA,GCP,NA,NA
Q465,Semantic fluency - supermarket (ADAMS animal deciles),SAGESII_Inperson,i465,1 = 0 - 1.83; 2 = 1.83 - 5.50; 3 = 5.50 - 9.17; 4 = 9.17 - 12.83; 5 = 12.83 - 16.50; 6 = 16.50 - 20.17; 7 = 20.17 - 23.83; 8 = 23.83 - 27.50; 9 = 27.50 - 33.00; 10 = 33.00 - 76,NA,NA,lan,NA,GCP-alt-3a,NA,NA
Q466,Semantic fluency - supermarket (SAGES deciles),SAGESII_Inperson,i465,1 = 0 - 10.5; 2 = 10.5 - 14.5; 3 = 14.5 - 18.5; 4 = 18.5 - 22.5; 5 = 22.5 - 25.5; 6 = 25.5 - 29.5; 7 = 29.5 - 33.5; 8 = 33.5 - 76,NA,NA,lan,NA,GCP-alt-3b,NA,NA
Q471,Digit Span Forwards (decile),SAGESII_Inperson,npb_15,1 = 0 - 0.89; 2 = 0.89 - 2.67; 3 = 2.67 - 4.44; 4 = 4.44 - 6.22; 5 = 6.22 - 8.00; 6 = 8.00 - 9.78; 7 = 9.78 - 11.56; 8 = 11.56 - 13.33; 9 = 13.33 - 16.00; 10 = 16.00 - 76,NA,77 = missing; 99 = missing,att,NA,GCP,sagesii.dta,NA
Q472,Digit Span Backwards (decile),SAGESII_Inperson,npb_16,1 = 0 - 0.72; 2 = 0.72 - 2.17; 3 = 2.17 - 3.61; 4 = 3.61 - 5.06; 5 = 5.06 - 6.50; 6 = 6.50 - 7.94; 7 = 7.94 - 9.39; 8 = 9.39 - 10.83; 9 = 10.83 - 13.00; 10 = 13.00 - 76,NA,77 = missing; 99 = missing,att,NA,GCP,sagesii.dta,NA
Q481,Letter Fluency (FAS) (CFL cutpoints),SAGESII_Inperson,i481,1 = 0 - 3.67; 2 = 3.67 - 11.00; 3 = 11.00 - 18.33; 4 = 18.33 - 25.67; 5 = 25.67 - 33.00; 6 = 33.00 - 40.33; 7 = 40.33 - 47.67; 8 = 47.67 - 55.00; 9 = 55.00 - 66.00; 10 = 66.00 - 200,NA,NA,lan,NA,GCP-alt-2a,sagesii.dta,NA
Q482,Letter Fluency (F),SAGESII_Inperson,i482,1 = 0 - 1.5; 2 = 1.5 - 3.5; 3 = 3.5 - 6.5; 4 = 6.5 - 8.5; 5 = 8.5 - 11.5; 6 = 11.5 - 14.5; 7 = 14.5 - 16.5; 8 = 16.5 - 19.5; 9 = 19.5 - 76,NA,NA,lan,NA,GCP-alt-2b,sagesii.dta,NA
Q483,Letter Fluency (A),SAGESII_Inperson,i483,1 = 0 - 4.5; 2 = 4.5 - 6.5; 3 = 6.5 - 8.5;  4 = 8.5 - 10.5; 5 = 10.5 - 12.5; 6 = 12.5 - 14.5; 7 = 14.5 - 16.5; 8 = 16.5 - 18.5; 9 = 18.5 - 20.5; 10 = 20.5 - 76,NA,NA,lan,NA,GCP-alt-2b,sagesii.dta,NA
Q484,Letter Fluency (S),SAGESII_Inperson,i484,1 = 0 - 6.5; 2 = 6.5 - 8.5; 3 = 8.5 - 10.5; 4 = 10.5 - 12.5; 5 = 12.5 - 14.5; 6 = 14.5 - 16.5; 7 = 16.5 - 18.5; 8 = 18.5 - 21.5; 9 = 21.5 - 24.5; 10 = 24.5 - 76,NA,NA,lan,NA,GCP-alt-2b,sagesii.dta,NA
Q485,Letter Fluency (FAS) (SAGES deciles),SAGESII_Inperson,i481,1 = 0 - 20; 2 = 20 - 24; 3 = 24 - 28; 4 = 28 - 31; 5 = 31 - 35; 6 = 35 - 39; 7 = 39 - 43; 8 = 43 - 48; 9 = 48 - 53; 10 = 53 - 200,NA,NA,lan,NA,GCP-alt-2c,sagesii.dta,NA
Q490,AMNART,SAGESII_Inperson,npb_50,NA,NA,77 = missing; 99 = missing,cryst,NA,Not GCP,sagesii.dta,NA
Q523,HVLT Trial 1-3 nonile (not nonile),SAGESII_Telephone,i508,1 = 0 - 14.06; 2 = 14.06 - 17.28; 3 = 17.28 - 20.50; 4 = 20.50 - 23.72; 5 = 23.72 - 26.94; 6 = 26.94 - 30.17; 7 = 30.17 - 33.39; 8 = 33.39 - 35.00; 8 = 35.00 - 76,NA,NA,mem,NA,GCP-alt-1a,NA,NA
Q526,HVLT Trial 1-3 nonile (not nonile),SAGESII_Telephone,i508,1 = 0 - 14.06; 2 = 14.06 - 17.28; 3 = 17.28 - 20.50; 4 = 20.50 - 23.72; 5 = 23.72 - 26.94; 6 = 26.94 - 30.17; 7 = 30.17 - 33.39; 8 = 33.39 - 35.00; 9 = 35.00 - 76,NA,NA,mem,NA,GCP-alt-1b,NA,NA
Q527,HVLT Delayed Recall Percent (septile),SAGESII_Telephone,i511,1 = 0 - 32.00; 2 = 32.00 - 56.00; 3 = 56.00 - 72.00; 4 = 72.00 - 88.00; 5 = 88.00 - 104.00; 6 = 104.00 - 120.00; 7 = 120.00 - 128.00; 7 = 128.00 - 776,NA,NA,mem,NA,GCP-alt-1a,NA,NA
Q528,HVLT Delayed Recall Percent (octile),SAGESII_Telephone,i511,1 = 0 - 32.00; 2 = 32.00 - 56.00; 3 = 56.00 - 72.00; 4 = 72.00 - 88.00; 5 = 88.00 - 104.00; 6 = 104.00 - 120.00; 7 = 120.00 - 128.00; 8 = 128.00 - 776,NA,NA,mem,NA,GCP-alt-1b,NA,NA
Q532,Oral Trails A Telephone Time to complete,SAGESII_Telephone,npb_59,10 = 0 - 6.58; 9 = 6.58 - 7.218; 8 = 7.218 - 7.628; 7 = 7.628 - 8.31; 6 = 8.31 - 9.01; 5 = 9.01 - 10.0; 4= 10.0 - 11.034; 3 = 11.034-12.654; 2 = 12.654 - 15.07; 1 = 15.07 - 776,NA,777 = missing; 999 = missing,att,NA,GCP,sagesii.dta,NA
Q534,Oral Trails B Telephone Time to complete,SAGESII_Telephone,npb_61,10 = 0 - 46.084; 9 = 46.084 - 51.160; 8 = 51.16 - 59.793; 7 = 59.793 - 65.404; 6 = 65.404 - 74.0; 5 = 74.0 - 86.528; 4 = 86.528 - 97.018; 3 = 97.018 - 111.022; 2 = 111.022 - 140.652; 1 = 140.652 - 776;,NA,777 = missing; 999 = missing,ef,NA,GCP,sagesii.dta,NA
Q552,Auditory confrontation naming (telephone),SAGESII_Telephone,i541,1 = 0 - 12.5; 2 = 12.5 - 13.5; 3 = 13.5 - 14.5; 4 = 14.5 - 15.5,NA,NA,lan,NA,Not GCP,sagesii.dta,npb51 total correct spontaneously
Q565,Semantic fluency - supermarket (ADAMS animal deciles),SAGESII_Telephone,i565,1 = 0 - 1.83; 2 = 1.83 - 5.50; 3 = 5.50 - 9.17; 4 = 9.17 - 12.83; 5 = 12.83 - 16.50; 6 = 16.50 - 20.17; 7 = 20.17 - 23.83; 8 = 23.83 - 27.50; 9 = 27.50 - 33.00; 10 = 33.00 - 76,NA,NA,lan,NA,GCP-alt-3a,sagesii.dta,NA
Q566,Semantic fluency - supermarket (SAGES deciles),SAGESII_Telephone,i565,1 = 0 - 10.5; 2 = 10.5 - 14.5; 3 = 14.5 - 18.5; 4 = 18.5 - 22.5; 5 = 22.5 - 25.5; 6 = 25.5 - 29.5; 7 = 29.5 - 33.5; 8 = 33.5 - 76,NA,NA,lan,NA,GCP-alt-3b,sagesii.dta,NA
Q571,Digit Span Forwards (decile),SAGESII_Telephone,npb_15,1 = 0 - 0.89; 2 = 0.89 - 2.67; 3 = 2.67 - 4.44; 4 = 4.44 - 6.22; 5 = 6.22 - 8.00; 6 = 8.00 - 9.78; 7 = 9.78 - 11.56; 8 = 11.56 - 13.33; 9 = 13.33 - 16.00; 10 = 16.00 - 76,NA,77 = missing; 99 = missing,att,NA,GCP,sagesii.dta,NA
Q572,Digit Span Backwards (decile),SAGESII_Telephone,npb_16,1 = 0 - 0.72; 2 = 0.72 - 2.17; 3 = 2.17 - 3.61; 4 = 3.61 - 5.06; 5 = 5.06 - 6.50; 6 = 6.50 - 7.94; 7 = 7.94 - 9.39; 8 = 9.39 - 10.83; 9 = 10.83 - 13.00; 10 = 13.00 - 76,NA,77 = missing; 99 = missing,att,NA,GCP,sagesii.dta,NA
Q581,Letter Fluency (FAS) (CFL cutpoints),SAGESII_Telephone,i581,1 = 0 - 3.67; 2 = 3.67 - 11.00; 3 = 11.00 - 18.33; 4 = 18.33 - 25.67; 5 = 25.67 - 33.00; 6 = 33.00 - 40.33; 7 = 40.33 - 47.67; 8 = 47.67 - 55.00; 9 = 55.00 - 66.00; 10 = 66.00 - 200,NA,NA,lan,NA,GCP-alt-2a,sagesii.dta,NA
Q582,Letter Fluency (F),SAGESII_Telephone,i582,1 = 0 - 1.5; 2 = 1.5 - 3.5; 3 = 3.5 - 6.5; 4 = 6.5 - 8.5; 5 = 8.5 - 11.5; 6 = 11.5 - 14.5; 7 = 14.5 - 16.5; 8 = 16.5 - 19.5; 9 = 19.5 - 76,NA,NA,lan,NA,GCP-alt-2b,sagesii.dta,NA
Q583,Letter Fluency (A),SAGESII_Telephone,i583,1 = 0 - 4.5; 2 = 4.5 - 6.5; 3 = 6.5 - 8.5;  4 = 8.5 - 10.5; 5 = 10.5 - 12.5; 6 = 12.5 - 14.5; 7 = 14.5 - 16.5; 8 = 16.5 - 18.5; 9 = 18.5 - 20.5; 10 = 20.5 - 76,NA,NA,lan,NA,GCP-alt-2b,sagesii.dta,NA
Q584,Letter Fluency (S),SAGESII_Telephone,i584,1 = 0 - 6.5; 2 = 6.5 - 8.5; 3 = 8.5 - 10.5; 4 = 10.5 - 12.5; 5 = 12.5 - 14.5; 6 = 14.5 - 16.5; 7 = 16.5 - 18.5; 8 = 18.5 - 21.5; 9 = 21.5 - 24.5; 10 = 24.5 - 76,NA,NA,lan,NA,GCP-alt-2b,sagesii.dta,NA
Q585,Letter Fluency (FAS) (SAGES deciles),SAGESII_Telephone,i581,1 = 0 - 20; 2 = 20 - 24; 3 = 24 - 28; 4 = 28 - 31; 5 = 31 - 35; 6 = 35 - 39; 7 = 39 - 43; 8 = 43 - 48; 9 = 48 - 53; 10 = 53 - 200,NA,NA,lan,NA,GCP-alt-2c,sagesii.dta,NA
Q587,Category switching (Total number of correct switches),SAGESII_Telephone,i568,1 = 0 - 6.5; 2 = 6.5 - 9.5; 3 = 9.5 - 10.5; 4 = 10.5 - 12.5; 5 = 12.5 - 13.5; 6 = 13.5 - 14.5; 7 = 14.5 - 15.5; 8 = 15.5 - 16.5; 9 = 16.5 - 17.5; 10 = 17.5 - 76,NA,NA,lan,NA,GCP,sagesii.dta,NA
Q622,Visual Search and Attention Task (VSAT) number of targets (septile),SAGESII_Video,i601,1 = 0 - 26.25; 2 = 26.25 - 34.38; 3 = 34.38 - 42.50; 4 = 42.50 - 50.63; 5 = 50.63 - 58.75; 6 = 58.75 - 66.88; 7 = 66.88 - 75.00; 7 = 75.00 - 100,NA,NA,att,NA,GCP-alt-1a,NA,NA
Q623,HVLT Trial 1-3 nonile (not nonile),SAGESII_Video,i608,1 = 0 - 14.06; 2 = 14.06 - 17.28; 3 = 17.28 - 20.50; 4 = 20.50 - 23.72; 5 = 23.72 - 26.94; 6 = 26.94 - 30.17; 7 = 30.17 - 33.39; 8 = 33.39 - 35.00; 8 = 35.00 - 100,NA,NA,mem,NA,GCP-alt-1a,NA,NA
Q625,Visual Search and Attention Task (VSAT) number of targets (octile),SAGESII_Video,i601,1 = 0 - 26.25; 2 = 26.25 - 34.38; 3 = 34.38 - 42.50; 4 = 42.50 - 50.63; 5 = 50.63 - 58.75; 6 = 58.75 - 66.88; 7 = 66.88 - 75.00; 8 = 75.00 - 76,NA,NA,att,NA,GCP-alt-1b,NA,NA
Q626,HVLT Trial 1-3 nonile (not nonile),SAGESII_Video,i608,1 = 0 - 14.06; 2 = 14.06 - 17.28; 3 = 17.28 - 20.50; 4 = 20.50 - 23.72; 5 = 23.72 - 26.94; 6 = 26.94 - 30.17; 7 = 30.17 - 33.39; 8 = 33.39 - 35.00; 9 = 35.00 - 76,NA,NA,mem,NA,GCP-alt-1b,NA,NA
Q627,HVLT Delayed Recall Percent (septile),SAGESII_Video,i611,1 = 0 - 32.00; 2 = 32.00 - 56.00; 3 = 56.00 - 72.00; 4 = 72.00 - 88.00; 5 = 88.00 - 104.00; 6 = 104.00 - 120.00; 7 = 120.00 - 128.00; 7 = 128.00 - 776,NA,NA,mem,NA,GCP-alt-1a,NA,NA
Q628,HVLT Delayed Recall Percent (octile),SAGESII_Video,i611,1 = 0 - 32.00; 2 = 32.00 - 56.00; 3 = 56.00 - 72.00; 4 = 72.00 - 88.00; 5 = 88.00 - 104.00; 6 = 104.00 - 120.00; 7 = 120.00 - 128.00; 8 = 128.00 - 776,NA,NA,mem,NA,GCP-alt-1b,NA,NA
Q631,"Trails A (time, decile)",SAGESII_Video,npb_10,10 = 0 - 14.72; 9 = 14.72 - 34.17; 8 = 34.17 - 53.61; 7 = 53.61 - 73.06; 6 = 73.06 - 92.50; 5 = 92.50 - 111.94; 4 = 111.94 - 131.39; 3 = 131.39 - 150.83; 2 = 150.83 - 170.67; 1 = 170.67 - 776,NA,777 = missing; 999 = missing,att,NA,GCP,sagesii.dta,NA
Q633,"Trails B (time, decile)",SAGESII_Video,npb_12,10 = 0 - 45.94; 9 = 45.94 - 75.83; 8 = 75.83 - 105.72; 7 = 105.72 - 135.61; 6 = 135.61 - 165.50; 5 = 165.50 - 195.39; 4 = 195.39 - 225.28; 3 = 225.28 - 255.17; 2 = 255.17 - 285.33; 1 = 285.33 - 776,NA,777 = missing; 999 = missing,ef,NA,GCP,sagesii.dta,NA
Q641,Digit Symbol Substitution (aka rbans) (septile),SAGESII_Video,npb_14,1 = 0 - 21.38; 2 = 21.38 - 29.13; 3 = 29.13 - 36.88; 4 = 36.88 - 44.63; 5 = 44.63 - 52.38; 6 = 52.38 - 60.13; 7 = 60.13 - 64.00; 7 = 64.00 - 776,NA,777 = missing; 999 = missing,att,NA,GCP-alt-1a,sagesii.dta,NA
Q642,Digit Symbol Substitution (aka rbans) (octile),SAGESII_Video,npb_14,1 = 0 - 21.38; 2 = 21.38 - 29.13; 3 = 29.13 - 36.88; 4 = 36.88 - 44.63; 5 = 44.63 - 52.38; 6 = 52.38 - 60.13; 7 = 60.13 - 64.00; 8 = 64.00 - 776,NA,777 = missing; 999 = missing,att,NA,GCP-alt-1b,sagesii.dta,NA
Q651,"Boston Naming Test, 15 Items (decile)",SAGESII_Video,i641,1 = 0 - 0.83; 2 = 0.83 - 2.50; 3 = 2.50 - 4.17; 4 = 4.17 - 5.83; 5 = 5.83 - 7.50; 6 = 7.50 - 9.17; 7 = 9.17 - 10.83; 8 = 10.83 - 12.50; 9 = 12.50 - 14.33; 10 = 14.33 - 76,NA,NA,lan,NA,GCP,NA,NA
Q665,Semantic fluency - supermarket (ADAMS animal deciles),SAGESII_Video,i665,1 = 0 - 1.83; 2 = 1.83 - 5.50; 3 = 5.50 - 9.17; 4 = 9.17 - 12.83; 5 = 12.83 - 16.50; 6 = 16.50 - 20.17; 7 = 20.17 - 23.83; 8 = 23.83 - 27.50; 9 = 27.50 - 33.00; 10 = 33.00 - 76,NA,NA,lan,NA,GCP-alt-3a,NA,NA
Q666,Semantic fluency - supermarket (SAGES deciles),SAGESII_Video,i665,1 = 0 - 10.5; 2 = 10.5 - 14.5; 3 = 14.5 - 18.5; 4 = 18.5 - 22.5; 5 = 22.5 - 25.5; 6 = 25.5 - 29.5; 7 = 29.5 - 33.5; 8 = 33.5 - 76,NA,NA,lan,NA,GCP-alt-3b,NA,NA
Q671,Digit Span Forwards (decile),SAGESII_Video,npb_15,1 = 0 - 0.89; 2 = 0.89 - 2.67; 3 = 2.67 - 4.44; 4 = 4.44 - 6.22; 5 = 6.22 - 8.00; 6 = 8.00 - 9.78; 7 = 9.78 - 11.56; 8 = 11.56 - 13.33; 9 = 13.33 - 16.00; 10 = 16.00 - 76,NA,77 = missing; 99 = missing,att,NA,GCP,sagesii.dta,NA
Q672,Digit Span Backwards (decile),SAGESII_Video,npb_16,1 = 0 - 0.72; 2 = 0.72 - 2.17; 3 = 2.17 - 3.61; 4 = 3.61 - 5.06; 5 = 5.06 - 6.50; 6 = 6.50 - 7.94; 7 = 7.94 - 9.39; 8 = 9.39 - 10.83; 9 = 10.83 - 13.00; 10 = 13.00 - 76,NA,77 = missing; 99 = missing,att,NA,GCP,sagesii.dta,NA
Q681,Letter Fluency (FAS) (CFL cutpoints),SAGESII_Video,i681,1 = 0 - 3.67; 2 = 3.67 - 11.00; 3 = 11.00 - 18.33; 4 = 18.33 - 25.67; 5 = 25.67 - 33.00; 6 = 33.00 - 40.33; 7 = 40.33 - 47.67; 8 = 47.67 - 55.00; 9 = 55.00 - 66.00; 10 = 66.00 - 200,NA,NA,lan,NA,GCP-alt-2a,sagesii.dta,NA
Q682,Letter Fluency (F),SAGESII_Video,i682,1 = 0 - 1.5; 2 = 1.5 - 3.5; 3 = 3.5 - 6.5; 4 = 6.5 - 8.5; 5 = 8.5 - 11.5; 6 = 11.5 - 14.5; 7 = 14.5 - 16.5; 8 = 16.5 - 19.5; 9 = 19.5 - 76,NA,NA,lan,NA,GCP-alt-2b,sagesii.dta,NA
Q683,Letter Fluency (A),SAGESII_Video,i683,1 = 0 - 4.5; 2 = 4.5 - 6.5; 3 = 6.5 - 8.5;  4 = 8.5 - 10.5; 5 = 10.5 - 12.5; 6 = 12.5 - 14.5; 7 = 14.5 - 16.5; 8 = 16.5 - 18.5; 9 = 18.5 - 20.5; 10 = 20.5 - 76,NA,NA,lan,NA,GCP-alt-2b,sagesii.dta,NA
Q684,Letter Fluency (S),SAGESII_Video,i684,1 = 0 - 6.5; 2 = 6.5 - 8.5; 3 = 8.5 - 10.5; 4 = 10.5 - 12.5; 5 = 12.5 - 14.5; 6 = 14.5 - 16.5; 7 = 16.5 - 18.5; 8 = 18.5 - 21.5; 9 = 21.5 - 24.5; 10 = 24.5 - 76,NA,NA,lan,NA,GCP-alt-2b,sagesii.dta,NA
Q685,Letter Fluency (FAS) (SAGES deciles),SAGESII_Video,i681,1 = 0 - 20; 2 = 20 - 24; 3 = 24 - 28; 4 = 28 - 31; 5 = 31 - 35; 6 = 35 - 39; 7 = 39 - 43; 8 = 43 - 48; 9 = 48 - 53; 10 = 53 - 200,NA,NA,lan,NA,GCP-alt-2c,sagesii.dta,NA
Q690,AMNART,SAGESII_Video,npb_50,NA,NA,77 = missing; 99 = missing,cryst,NA,Not GCP,sagesii.dta,NA
Q700,"Trails B (time, decile)",INTUIT_ACTIVE,trailsb,10 = 0 - 45.94; 9 = 45.94 - 75.83; 8 = 75.83 - 105.72; 7 = 105.72 - 135.61; 6 = 135.61 - 165.50; 5 = 165.50 - 195.39; 4 = 195.39 - 225.28; 3 = 225.28 - 255.17; 2 = 255.17 - 285.33; 1 = 285.33 - 776,NA,NA,ef,NA,GCP,ACTIVATE_INTUIT_forNIDUS_04142022.xlsx[CognitiveData],NA
Q701,"Trails A (time, decile)",INTUIT_ACTIVE,trailsa,10 = 0 - 14.72; 9 = 14.72 - 34.17; 8 = 34.17 - 53.61; 7 = 53.61 - 73.06; 6 = 73.06 - 92.50; 5 = 92.50 - 111.94; 4 = 111.94 - 131.39; 3 = 131.39 - 150.83; 2 = 150.83 - 170.67; 1 = 170.67 - 776,NA,NA,att,NA,GCP,ACTIVATE_INTUIT_forNIDUS_04142022.xlsx[CognitiveData],NA
Q702,Digit Span Forwards (decile),INTUIT_ACTIVE,repfor,1 = 0 - 0.89; 2 = 0.89 - 2.67; 3 = 2.67 - 4.44; 4 = 4.44 - 6.22; 5 = 6.22 - 8.00; 6 = 8.00 - 9.78; 7 = 9.78 - 11.56; 8 = 11.56 - 13.33; 9 = 13.33 - 16.00; 10 = 16.00 - 76,NA,NA,att,NA,GCP,ACTIVATE_INTUIT_forNIDUS_04142022.xlsx[CognitiveData],NA
Q703,Digit Span Backwards (decile),INTUIT_ACTIVE,repback,1 = 0 - 0.72; 2 = 0.72 - 2.17; 3 = 2.17 - 3.61; 4 = 3.61 - 5.06; 5 = 5.06 - 6.50; 6 = 6.50 - 7.94; 7 = 7.94 - 9.39; 8 = 9.39 - 10.83; 9 = 10.83 - 13.00; 10 = 13.00 - 76,NA,NA,att,NA,GCP,ACTIVATE_INTUIT_forNIDUS_04142022.xlsx[CognitiveData],NA
Q707,Immediate RANDT verbatim (RANDT IV),INTUIT_ACTIVE,randtiv,-999 = 0-18;,NA,NA,mem,NA,DNI,ACTIVATE_INTUIT_forNIDUS_04142022.xlsx[CognitiveData],"RMT, Randt Memory test; DNI because all RANDT subtests (IV, IG, DV, DG) are very highly correlated (.75-.86). We'd end up wanting to include a specific factor, and probably three specific factors (one for gist vs verbatim, anotother for immediate vs delayed). This would not be identified with only four indicators, so we are just going to go with delayed verbatim (RANDTdv) which is probably the most difficult task. This group is relatively high functioning."
Q708,Immediate RANDT gist (RANDT IG),INTUIT_ACTIVE,randtig,-999 = 0-10;,NA,NA,mem,NA,DNI,ACTIVATE_INTUIT_forNIDUS_04142022.xlsx[CognitiveData],"RMT, Randt Memory test"
Q709,Wechsler reproduction immediate (3 trial sum) (decile),INTUIT_ACTIVE,i713,1 = 0- 1.22 ; 2 = 1.22 - 2.44; 3 = 2.44 - 3.67; 4 = 3.67 - 4.89; 5 = 4.89 - 6.11; 6 = 6.11 - 7.33; 7 = 7.33 - 8.56; 8 = 8.56 - 9.78; 9 = 9.78 - 11,NA,NA,mem,NA,Not GCP,ACTIVATE_INTUIT_forNIDUS_04142022.xlsx[CognitiveData],NA
Q719,Delayed RANDT verbatim (RANDT DV) (nonile),INTUIT_ACTIVE,randtdv,1 = 0 - 1; 2 = 1 - 3; 3 = 3 - 5; 4 = 5 - 7; 5 = 7 - 9; 6 = 9 - 11; 7 = 11 - 13; 8 = 13 - 15; 9 = 15 - 50;,NA,NA,mem,NA,Not GCP,ACTIVATE_INTUIT_forNIDUS_04142022.xlsx[CognitiveData],NA
Q720,Delayed RANDT gist (RANDT DG),INTUIT_ACTIVE,randtdg,-999 = 0-10;,NA,NA,mem,NA,DNI,ACTIVATE_INTUIT_forNIDUS_04142022.xlsx[CognitiveData],NA
Q721,Wechsler reproduction delayed (3 trial sum) (decile),INTUIT_ACTIVE,i717,1 = 0 - 0.61; 2 = 0.61 - 1.83; 3 = 1.83 - 3.06; 4 = 3.06 - 4.28; 5 = 4.28 - 5.5; 6 = 5.5 - 6.72; 7 = 6.72 - 7.94; 8 = 7.94 - 9.17; 9 = 9.17 - 11,NA,NA,mem,NA,Not GCP,NA,NA
Q723,HVLT sum of learning trials (not nonile),INTUIT_ACTIVE,i708,1 = 0 - 14.06; 2 = 14.06 - 17.28; 3 = 17.28 - 20.50; 4 = 20.50 - 23.72; 5 = 23.72 - 26.94; 6 = 26.94 - 30.17; 7 = 30.17 - 33.39; 8 = 33.39 - 35.00; 8 = 35.00 - 76,NA,NA,mem,NA,GCP-alt-1a,NA,NA
Q726,HVLT sum of learning trials,INTUIT_ACTIVE,i708,1 = 0 - 14.06; 2 = 14.06 - 17.28; 3 = 17.28 - 20.50; 4 = 20.50 - 23.72; 5 = 23.72 - 26.94; 6 = 26.94 - 30.17; 7 = 30.17 - 33.39; 8 = 33.39 - 35.00; 9 = 35.00 - 76,NA,NA,mem,NA,GCP-alt-1b,NA,NA
Q727,HVLT-Delayed Recall Percent (septile),INTUIT_ACTIVE,i711,1 = 0 - 32.00; 2 = 32.00 - 56.00; 3 = 56.00 - 72.00; 4 = 72.00 - 88.00; 5 = 88.00 - 104.00; 6 = 104.00 - 120.00; 7 = 120.00 - 128.00; 7 = 128.00 - 776,NA,NA,mem,NA,GCP-alt-1a,NA,NA
Q728,HVLT-Delayed Recall Percent (octile),INTUIT_ACTIVE,i711,1 = 0 - 32.00; 2 = 32.00 - 56.00; 3 = 56.00 - 72.00; 4 = 72.00 - 88.00; 5 = 88.00 - 104.00; 6 = 104.00 - 120.00; 7 = 120.00 - 128.00; 8 = 128.00 - 776,NA,NA,mem,NA,GCP-alt-1b,NA,NA
Q741,Digit Symbol (septile),INTUIT_ACTIVE,digtsym,1 = 0 - 21.38; 2 = 21.38 - 29.13; 3 = 29.13 - 36.88; 4 = 36.88 - 44.63; 5 = 44.63 - 52.38; 6 = 52.38 - 60.13; 7 = 60.13 - 64.00; 7 = 64.00 - 776,NA,NA,att,NA,GCP-alt-1a,ACTIVATE_INTUIT_forNIDUS_04142022.xlsx[CognitiveData],NA
Q742,Digit Symbol (octile),INTUIT_ACTIVE,digtsym,1 = 0 - 21.38; 2 = 21.38 - 29.13; 3 = 29.13 - 36.88; 4 = 36.88 - 44.63; 5 = 44.63 - 52.38; 6 = 52.38 - 60.13; 7 = 60.13 - 64.00; 8 = 64.00 - 776,NA,NA,att,NA,GCP-alt-1b,ACTIVATE_INTUIT_forNIDUS_04142022.xlsx[CognitiveData],NA
Q750,Peg Time Dominant,INTUIT_ACTIVE,pegtimd,-999 = 0-300 ;,NA,NA,dexterity,NA,DNI,ACTIVATE_INTUIT_forNIDUS_04142022.xlsx[CognitiveData],DNI because not reported or included in Berger et al (2022) https://pmid.us/35104057
Q751,Peg Time Non-Dominant,INTUIT_ACTIVE,pegtimnd,-999 = 0-300 ;,NA,NA,dexterity,NA,DNI,ACTIVATE_INTUIT_forNIDUS_04142022.xlsx[CognitiveData],NA
Q752,Peg Drop Dominant,INTUIT_ACTIVE,pegdrpd,-999 = 0-26 ;,NA,NA,dexterity,NA,DNI,ACTIVATE_INTUIT_forNIDUS_04142022.xlsx[CognitiveData],NA
Q753,Peg Drop Non Dominant,INTUIT_ACTIVE,pegdrpnd,-999 = 0 - 26 ;,NA,NA,dexterity,NA,DNI,ACTIVATE_INTUIT_forNIDUS_04142022.xlsx[CognitiveData],NA
Q754,Pegs Right Dominant,INTUIT_ACTIVE,pegrtd,-999 = 0 - 25 ;,NA,NA,dexterity,NA,DNI,ACTIVATE_INTUIT_forNIDUS_04142022.xlsx[CognitiveData],NA
Q755,Pegs Right Non-Dominant,INTUIT_ACTIVE,pegrtnd,-999 = 0 - 25 ;,NA,NA,dexterity,NA,DNI,ACTIVATE_INTUIT_forNIDUS_04142022.xlsx[CognitiveData],NA
Q823,HVLT Trial 1-3 nonile (not nonile),SAGESII_Telephone_validation,i808,1 = 0 - 14.06; 2 = 14.06 - 17.28; 3 = 17.28 - 20.50; 4 = 20.50 - 23.72; 5 = 23.72 - 26.94; 6 = 26.94 - 30.17; 7 = 30.17 - 33.39; 8 = 33.39 - 35.00; 8 = 35.00 - 76,NA,NA,mem,NA,GCP-alt-1a,NA,NA
Q826,HVLT Trial 1-3 nonile (not nonile),SAGESII_Telephone_validation,i808,1 = 0 - 14.06; 2 = 14.06 - 17.28; 3 = 17.28 - 20.50; 4 = 20.50 - 23.72; 5 = 23.72 - 26.94; 6 = 26.94 - 30.17; 7 = 30.17 - 33.39; 8 = 33.39 - 35.00; 9 = 35.00 - 76,NA,NA,mem,NA,GCP-alt-1b,NA,NA
Q827,HVLT Delayed Recall Percent (septile),SAGESII_Telephone_validation,i811,1 = 0 - 32.00; 2 = 32.00 - 56.00; 3 = 56.00 - 72.00; 4 = 72.00 - 88.00; 5 = 88.00 - 104.00; 6 = 104.00 - 120.00; 7 = 120.00 - 128.00; 7 = 128.00 - 776,NA,NA,mem,NA,GCP-alt-1a,NA,NA
Q828,HVLT Delayed Recall Percent (octile),SAGESII_Telephone_validation,i811,1 = 0 - 32.00; 2 = 32.00 - 56.00; 3 = 56.00 - 72.00; 4 = 72.00 - 88.00; 5 = 88.00 - 104.00; 6 = 104.00 - 120.00; 7 = 120.00 - 128.00; 8 = 128.00 - 776,NA,NA,mem,NA,GCP-alt-1b,NA,NA
Q832,Oral Trails A Telephone Time to complete,SAGESII_Telephone_validation,npb_59,10 = 0 - 6.58; 9 = 6.58 - 7.218; 8 = 7.218 - 7.628; 7 = 7.628 - 8.31; 6 = 8.31 - 9.01; 5 = 9.01 - 10.0; 4= 10.0 - 11.034; 3 = 11.034-12.654; 2 = 12.654 - 15.07; 1 = 15.07 - 776,NA,777 = missing; 999 = missing,att,NA,GCP,sagesii.dta,NA
Q834,Oral Trails B Telephone Time to complete,SAGESII_Telephone_validation,npb_61,10 = 0 - 46.084; 9 = 46.084 - 51.160; 8 = 51.16 - 59.793; 7 = 59.793 - 65.404; 6 = 65.404 - 74.0; 5 = 74.0 - 86.528; 4 = 86.528 - 97.018; 3 = 97.018 - 111.022; 2 = 111.022 - 140.652; 1 = 140.652 - 776;,NA,777 = missing; 999 = missing,ef,NA,GCP,sagesii.dta,NA
Q852,Auditory confrontation naming (telephone),SAGESII_Telephone_validation,i841,1 = 0 - 12.5; 2 = 12.5 - 13.5; 3 = 13.5 - 14.5; 4 = 14.5 - 15.5,NA,NA,lan,NA,Not GCP,sagesii.dta,npb51 total correct spontaneously
Q865,Semantic fluency - supermarket (ADAMS animal deciles),SAGESII_Telephone_validation,i865,1 = 0 - 1.83; 2 = 1.83 - 5.50; 3 = 5.50 - 9.17; 4 = 9.17 - 12.83; 5 = 12.83 - 16.50; 6 = 16.50 - 20.17; 7 = 20.17 - 23.83; 8 = 23.83 - 27.50; 9 = 27.50 - 33.00; 10 = 33.00 - 76,NA,NA,lan,NA,GCP-alt-3a,sagesii.dta,NA
Q866,Semantic fluency - supermarket (SAGES deciles),SAGESII_Telephone_validation,i865,1 = 0 - 10.5; 2 = 10.5 - 14.5; 3 = 14.5 - 18.5; 4 = 18.5 - 22.5; 5 = 22.5 - 25.5; 6 = 25.5 - 29.5; 7 = 29.5 - 33.5; 8 = 33.5 - 76,NA,NA,lan,NA,GCP-alt-3b,sagesii.dta,NA
Q871,Digit Span Forwards (decile),SAGESII_Telephone_validation,npb_15,1 = 0 - 0.89; 2 = 0.89 - 2.67; 3 = 2.67 - 4.44; 4 = 4.44 - 6.22; 5 = 6.22 - 8.00; 6 = 8.00 - 9.78; 7 = 9.78 - 11.56; 8 = 11.56 - 13.33; 9 = 13.33 - 16.00; 10 = 16.00 - 76,NA,77 = missing; 99 = missing,att,NA,GCP,sagesii.dta,NA
Q872,Digit Span Backwards (decile),SAGESII_Telephone_validation,npb_16,1 = 0 - 0.72; 2 = 0.72 - 2.17; 3 = 2.17 - 3.61; 4 = 3.61 - 5.06; 5 = 5.06 - 6.50; 6 = 6.50 - 7.94; 7 = 7.94 - 9.39; 8 = 9.39 - 10.83; 9 = 10.83 - 13.00; 10 = 13.00 - 76,NA,77 = missing; 99 = missing,att,NA,GCP,sagesii.dta,NA
Q881,Letter Fluency (FAS) (CFL cutpoints),SAGESII_Telephone_validation,i881,1 = 0 - 3.67; 2 = 3.67 - 11.00; 3 = 11.00 - 18.33; 4 = 18.33 - 25.67; 5 = 25.67 - 33.00; 6 = 33.00 - 40.33; 7 = 40.33 - 47.67; 8 = 47.67 - 55.00; 9 = 55.00 - 66.00; 10 = 66.00 - 200,NA,NA,lan,NA,GCP-alt-2a,sagesii.dta,NA
Q882,Letter Fluency (F),SAGESII_Telephone_validation,i882,1 = 0 - 1.5; 2 = 1.5 - 3.5; 3 = 3.5 - 6.5; 4 = 6.5 - 8.5; 5 = 8.5 - 11.5; 6 = 11.5 - 14.5; 7 = 14.5 - 16.5; 8 = 16.5 - 19.5; 9 = 19.5 - 76,NA,NA,lan,NA,GCP-alt-2b,sagesii.dta,NA
Q883,Letter Fluency (A),SAGESII_Telephone_validation,i883,1 = 0 - 4.5; 2 = 4.5 - 6.5; 3 = 6.5 - 8.5;  4 = 8.5 - 10.5; 5 = 10.5 - 12.5; 6 = 12.5 - 14.5; 7 = 14.5 - 16.5; 8 = 16.5 - 18.5; 9 = 18.5 - 20.5; 10 = 20.5 - 76,NA,NA,lan,NA,GCP-alt-2b,sagesii.dta,NA
Q884,Letter Fluency (S),SAGESII_Telephone_validation,i884,1 = 0 - 6.5; 2 = 6.5 - 8.5; 3 = 8.5 - 10.5; 4 = 10.5 - 12.5; 5 = 12.5 - 14.5; 6 = 14.5 - 16.5; 7 = 16.5 - 18.5; 8 = 18.5 - 21.5; 9 = 21.5 - 24.5; 10 = 24.5 - 76,NA,NA,lan,NA,GCP-alt-2b,sagesii.dta,NA
Q885,Letter Fluency (FAS) (SAGES deciles),SAGESII_Telephone_validation,i881,1 = 0 - 20; 2 = 20 - 24; 3 = 24 - 28; 4 = 28 - 31; 5 = 31 - 35; 6 = 35 - 39; 7 = 39 - 43; 8 = 43 - 48; 9 = 48 - 53; 10 = 53 - 200,NA,NA,lan,NA,GCP-alt-2c,sagesii.dta,NA
Q887,Category switching (Total number of correct switches),SAGESII_Telephone_validation,i868,1 = 0 - 6.5; 2 = 6.5 - 9.5; 3 = 9.5 - 10.5; 4 = 10.5 - 12.5; 5 = 12.5 - 13.5; 6 = 13.5 - 14.5; 7 = 14.5 - 15.5; 8 = 15.5 - 16.5; 9 = 16.5 - 17.5; 10 = 17.5 - 76,NA,NA,lan,NA,GCP,sagesii.dta,NA
Q922,Visual Search and Attention Task (VSAT) number of targets (septile),SAGESII_Video_validation,i901,1 = 0 - 26.25; 2 = 26.25 - 34.38; 3 = 34.38 - 42.50; 4 = 42.50 - 50.63; 5 = 50.63 - 58.75; 6 = 58.75 - 66.88; 7 = 66.88 - 75.00; 7 = 75.00 - 100,NA,NA,att,NA,GCP-alt-1a,NA,NA
Q923,HVLT Trial 1-3 nonile (not nonile),SAGESII_Video_validation,i908,1 = 0 - 14.06; 2 = 14.06 - 17.28; 3 = 17.28 - 20.50; 4 = 20.50 - 23.72; 5 = 23.72 - 26.94; 6 = 26.94 - 30.17; 7 = 30.17 - 33.39; 8 = 33.39 - 35.00; 8 = 35.00 - 100,NA,NA,mem,NA,GCP-alt-1a,NA,NA
Q925,Visual Search and Attention Task (VSAT) number of targets (octile),SAGESII_Video_validation,i901,1 = 0 - 26.25; 2 = 26.25 - 34.38; 3 = 34.38 - 42.50; 4 = 42.50 - 50.63; 5 = 50.63 - 58.75; 6 = 58.75 - 66.88; 7 = 66.88 - 75.00; 8 = 75.00 - 76,NA,NA,att,NA,GCP-alt-1b,NA,NA
Q926,HVLT Trial 1-3 nonile (not nonile),SAGESII_Video_validation,i908,1 = 0 - 14.06; 2 = 14.06 - 17.28; 3 = 17.28 - 20.50; 4 = 20.50 - 23.72; 5 = 23.72 - 26.94; 6 = 26.94 - 30.17; 7 = 30.17 - 33.39; 8 = 33.39 - 35.00; 9 = 35.00 - 76,NA,NA,mem,NA,GCP-alt-1b,NA,NA
Q927,HVLT Delayed Recall Percent (septile),SAGESII_Video_validation,i911,1 = 0 - 32.00; 2 = 32.00 - 56.00; 3 = 56.00 - 72.00; 4 = 72.00 - 88.00; 5 = 88.00 - 104.00; 6 = 104.00 - 120.00; 7 = 120.00 - 128.00; 7 = 128.00 - 776,NA,NA,mem,NA,GCP-alt-1a,NA,NA
Q928,HVLT Delayed Recall Percent (octile),SAGESII_Video_validation,i911,1 = 0 - 32.00; 2 = 32.00 - 56.00; 3 = 56.00 - 72.00; 4 = 72.00 - 88.00; 5 = 88.00 - 104.00; 6 = 104.00 - 120.00; 7 = 120.00 - 128.00; 8 = 128.00 - 776,NA,NA,mem,NA,GCP-alt-1b,NA,NA
Q931,"Trails A (time, decile)",SAGESII_Video_validation,npb_10,10 = 0 - 14.72; 9 = 14.72 - 34.17; 8 = 34.17 - 53.61; 7 = 53.61 - 73.06; 6 = 73.06 - 92.50; 5 = 92.50 - 111.94; 4 = 111.94 - 131.39; 3 = 131.39 - 150.83; 2 = 150.83 - 170.67; 1 = 170.67 - 776,NA,777 = missing; 999 = missing,att,NA,GCP,sagesii.dta,NA
Q933,"Trails B (time, decile)",SAGESII_Video_validation,npb_12,10 = 0 - 45.94; 9 = 45.94 - 75.83; 8 = 75.83 - 105.72; 7 = 105.72 - 135.61; 6 = 135.61 - 165.50; 5 = 165.50 - 195.39; 4 = 195.39 - 225.28; 3 = 225.28 - 255.17; 2 = 255.17 - 285.33; 1 = 285.33 - 776,NA,777 = missing; 999 = missing,ef,NA,GCP,sagesii.dta,NA
Q941,Digit Symbol Substitution (aka rbans) (septile),SAGESII_Video_validation,npb_14,1 = 0 - 21.38; 2 = 21.38 - 29.13; 3 = 29.13 - 36.88; 4 = 36.88 - 44.63; 5 = 44.63 - 52.38; 6 = 52.38 - 60.13; 7 = 60.13 - 64.00; 7 = 64.00 - 776,NA,777 = missing; 999 = missing,att,NA,GCP-alt-1a,sagesii.dta,NA
Q942,Digit Symbol Substitution (aka rbans) (octile),SAGESII_Video_validation,npb_14,1 = 0 - 21.38; 2 = 21.38 - 29.13; 3 = 29.13 - 36.88; 4 = 36.88 - 44.63; 5 = 44.63 - 52.38; 6 = 52.38 - 60.13; 7 = 60.13 - 64.00; 8 = 64.00 - 776,NA,777 = missing; 999 = missing,att,NA,GCP-alt-1b,sagesii.dta,NA
Q951,"Boston Naming Test, 15 Items (decile)",SAGESII_Video_validation,i941,1 = 0 - 0.83; 2 = 0.83 - 2.50; 3 = 2.50 - 4.17; 4 = 4.17 - 5.83; 5 = 5.83 - 7.50; 6 = 7.50 - 9.17; 7 = 9.17 - 10.83; 8 = 10.83 - 12.50; 9 = 12.50 - 14.33; 10 = 14.33 - 76,NA,NA,lan,NA,GCP,NA,NA
Q965,Semantic fluency - supermarket (ADAMS animal deciles),SAGESII_Video_validation,i965,1 = 0 - 1.83; 2 = 1.83 - 5.50; 3 = 5.50 - 9.17; 4 = 9.17 - 12.83; 5 = 12.83 - 16.50; 6 = 16.50 - 20.17; 7 = 20.17 - 23.83; 8 = 23.83 - 27.50; 9 = 27.50 - 33.00; 10 = 33.00 - 76,NA,NA,lan,NA,GCP-alt-3a,NA,NA
Q966,Semantic fluency - supermarket (SAGES deciles),SAGESII_Video_validation,i965,1 = 0 - 10.5; 2 = 10.5 - 14.5; 3 = 14.5 - 18.5; 4 = 18.5 - 22.5; 5 = 22.5 - 25.5; 6 = 25.5 - 29.5; 7 = 29.5 - 33.5; 8 = 33.5 - 76,NA,NA,lan,NA,GCP-alt-3b,NA,NA
Q971,Digit Span Forwards (decile),SAGESII_Video_validation,npb_15,1 = 0 - 0.89; 2 = 0.89 - 2.67; 3 = 2.67 - 4.44; 4 = 4.44 - 6.22; 5 = 6.22 - 8.00; 6 = 8.00 - 9.78; 7 = 9.78 - 11.56; 8 = 11.56 - 13.33; 9 = 13.33 - 16.00; 10 = 16.00 - 76,NA,77 = missing; 99 = missing,att,NA,GCP,sagesii.dta,NA
Q972,Digit Span Backwards (decile),SAGESII_Video_validation,npb_16,1 = 0 - 0.72; 2 = 0.72 - 2.17; 3 = 2.17 - 3.61; 4 = 3.61 - 5.06; 5 = 5.06 - 6.50; 6 = 6.50 - 7.94; 7 = 7.94 - 9.39; 8 = 9.39 - 10.83; 9 = 10.83 - 13.00; 10 = 13.00 - 76,NA,77 = missing; 99 = missing,att,NA,GCP,sagesii.dta,NA
Q981,Letter Fluency (FAS) (CFL cutpoints),SAGESII_Video_validation,i981,1 = 0 - 3.67; 2 = 3.67 - 11.00; 3 = 11.00 - 18.33; 4 = 18.33 - 25.67; 5 = 25.67 - 33.00; 6 = 33.00 - 40.33; 7 = 40.33 - 47.67; 8 = 47.67 - 55.00; 9 = 55.00 - 66.00; 10 = 66.00 - 200,NA,NA,lan,NA,GCP-alt-2a,sagesii.dta,NA
Q982,Letter Fluency (F),SAGESII_Video_validation,i982,1 = 0 - 1.5; 2 = 1.5 - 3.5; 3 = 3.5 - 6.5; 4 = 6.5 - 8.5; 5 = 8.5 - 11.5; 6 = 11.5 - 14.5; 7 = 14.5 - 16.5; 8 = 16.5 - 19.5; 9 = 19.5 - 76,NA,NA,lan,NA,GCP-alt-2b,sagesii.dta,NA
Q983,Letter Fluency (A),SAGESII_Video_validation,i983,1 = 0 - 4.5; 2 = 4.5 - 6.5; 3 = 6.5 - 8.5;  4 = 8.5 - 10.5; 5 = 10.5 - 12.5; 6 = 12.5 - 14.5; 7 = 14.5 - 16.5; 8 = 16.5 - 18.5; 9 = 18.5 - 20.5; 10 = 20.5 - 76,NA,NA,lan,NA,GCP-alt-2b,sagesii.dta,NA
Q984,Letter Fluency (S),SAGESII_Video_validation,i984,1 = 0 - 6.5; 2 = 6.5 - 8.5; 3 = 8.5 - 10.5; 4 = 10.5 - 12.5; 5 = 12.5 - 14.5; 6 = 14.5 - 16.5; 7 = 16.5 - 18.5; 8 = 18.5 - 21.5; 9 = 21.5 - 24.5; 10 = 24.5 - 76,NA,NA,lan,NA,GCP-alt-2b,sagesii.dta,NA
Q985,Letter Fluency (FAS) (SAGES deciles),SAGESII_Video_validation,i981,1 = 0 - 20; 2 = 20 - 24; 3 = 24 - 28; 4 = 28 - 31; 5 = 31 - 35; 6 = 35 - 39; 7 = 39 - 43; 8 = 43 - 48; 9 = 48 - 53; 10 = 53 - 200,NA,NA,lan,NA,GCP-alt-2c,sagesii.dta,NA
Q990,AMNART,SAGESII_Video_validation,npb_50,NA,NA,77 = missing; 99 = missing,cryst,NA,Not GCP,sagesii.dta,NA
